구분,,2008,,,2009,,,2010,,,2011,,,2012,,,2013,,,2014,,,2015,,,2016,,,2017,,,2018,,,2019,,,2020,,,2021,,,2022,,,2023,,,2024,,
,,N,조율,표준화율,N,조율,표준화율,N,조율,표준화율,N,조율,표준화율,N,조율,표준화율,N,조율,표준화율,N,조율,표준화율,N,조율,표준화율,N,조율,표준화율,N,조율,표준화율,N,조율,표준화율,N,조율,표준화율,N,조율,표준화율,N,조율,표준화율,N,조율,표준화율,N,조율,표준화율,N,조율,표준화율
서울,강남구,,,,,,,,,,,,,,,,,,,,,,,,,,,,915,5.0(0.8),5.2(0.7),916,4.4(0.8),4.3(0.7),922,4.1(0.6),4.0(0.6),916,4.8(0.6),4.9(0.6),925,3.6(0.6),3.5(0.6),916,2.9(0.7),2.9(0.6),923,3.0(0.7),3.3(0.7),908,5.4(0.8),5.3(0.7)
서울,강동구,,,,,,,,,,,,,,,,,,,,,,,,,,,,916,4.9(0.8),4.7(0.7),916,5.0(0.8),4.7(0.8),911,4.1(0.6),4.4(0.7),912,3.4(0.6),3.4(0.6),917,4.4(0.8),4.3(0.7),921,3.9(0.7),3.6(0.7),919,5.3(0.9),5.5(0.9),920,3.9(0.7),3.7(0.7)
서울,강북구,,,,,,,,,,,,,,,,,,,,,,,,,,,,919,3.4(0.7),3.6(0.6),904,5.3(0.7),5.3(0.8),910,2.6(0.5),2.2(0.5),914,2.5(0.5),2.8(0.6),914,1.3(0.4),1.3(0.4)*,918,2.9(0.5),2.7(0.5),915,3.9(0.6),4.2(0.8),914,5.1(0.9),4.7(0.8)
서울,강서구,,,,,,,,,,,,,,,,,,,,,,,,,,,,920,4.7(0.8),4.4(0.7),916,3.6(0.8),3.5(0.7),907,2.8(0.6),2.6(0.5),910,3.4(0.6),3.2(0.6),917,3.5(0.6),3.8(0.7),916,3.1(0.6),3.1(0.6),916,4.4(0.7),4.4(0.7),916,5.3(0.9),4.9(0.8)
서울,관악구,,,,,,,,,,,,,,,,,,,,,,,,,,,,911,3.2(0.6),3.1(0.6),914,3.7(0.6),3.5(0.6),915,5.3(0.6),5.2(0.7),875,6.0(0.8),5.4(0.7),919,2.4(0.4),2.0(0.4),916,6.9(0.8),7.1(0.9),918,5.4(0.8),5.3(0.8),915,4.1(0.8),4.2(0.8)
서울,광진구,,,,,,,,,,,,,,,,,,,,,,,,,,,,915,3.3(0.6),3.2(0.6),908,4.4(0.8),4.4(0.7),917,2.3(0.5),2.5(0.5),921,3.1(0.6),3.0(0.6),917,3.8(0.6),3.7(0.6),918,5.0(0.7),5.3(0.8),916,4.0(0.7),4.1(0.7),917,6.2(0.7),6.3(0.8)
서울,구로구,,,,,,,,,,,,,,,,,,,,,,,,,,,,915,1.6(0.4),1.5(0.4)*,915,2.8(0.6),2.6(0.7),905,5.1(0.8),4.5(0.7),914,2.6(0.4),2.2(0.6),915,3.0(0.6),2.9(0.6),916,4.3(0.7),4.1(0.8),915,3.6(0.7),3.4(0.6),915,4.5(0.8),4.7(0.9)
서울,금천구,,,,,,,,,,,,,,,,,,,,,,,,,,,,907,3.1(0.6),2.9(0.6),913,5.0(0.7),4.5(0.7),913,4.2(0.7),3.8(0.7),915,3.8(0.7),4.0(0.7),916,6.9(1.1),7.8(1.1),912,3.6(0.7),3.3(0.6),915,3.0(0.6),2.7(0.6),915,6.7(1.0),6.2(1.0)
서울,노원구,,,,,,,,,,,,,,,,,,,,,,,,,,,,924,2.2(0.5),2.0(0.4),916,3.1(0.6),2.7(0.6),917,2.6(0.5),2.5(0.5),916,3.4(0.7),3.5(0.7),916,3.7(0.7),3.1(0.6),917,4.8(0.8),5.0(0.9),916,5.9(0.9),5.7(0.9),916,5.0(0.8),4.7(0.8)
서울,도봉구,,,,,,,,,,,,,,,,,,,,,,,,,,,,912,5.6(0.8),5.4(0.8),912,3.7(0.7),3.3(0.6),913,4.0(0.8),4.0(0.8),912,2.8(0.6),3.5(0.7),914,3.8(0.7),4.0(0.9),914,5.6(0.9),5.5(0.9),916,5.8(0.9),6.3(1.0),915,7.2(0.9),8.1(1.3)
서울,동대문구,,,,,,,,,,,,,,,,,,,,,,,,,,,,918,4.3(0.8),4.6(0.8),920,1.5(0.2),1.3(0.3),917,2.0(0.6),2.2(0.6)*,916,1.2(0.4),1.4(0.5)*,917,2.3(0.6),2.5(0.6)*,916,0.8(0.4),0.9(0.4)*,920,2.6(0.7),3.0(0.7)*,916,2.2(0.5),2.2(0.6)
서울,동작구,,,,,,,,,,,,,,,,,,,,,,,,,,,,906,3.5(0.9),3.6(0.7),908,4.8(0.8),4.9(0.8),913,2.9(0.6),2.8(0.6),915,2.6(0.6),2.7(0.6),908,1.9(0.4),1.7(0.4),915,3.9(0.6),2.7(0.5),915,4.4(0.7),4.5(0.7),912,2.5(0.5),2.4(0.5)
서울,마포구,,,,,,,,,,,,,,,,,,,,,,,,,,,,912,3.4(0.6),3.5(0.6),916,2.5(0.5),2.4(0.5),904,3.2(0.6),3.3(0.7),912,2.9(0.6),2.9(0.6),918,1.7(0.4),1.6(0.4),915,5.4(0.7),5.7(0.8),915,5.0(0.9),5.4(1.0),916,5.5(1.0),5.4(0.8)
서울,서대문구,,,,,,,,,,,,,,,,,,,,,,,,,,,,903,3.2(0.6),3.1(0.6),915,1.8(0.4),1.5(0.4),910,4.4(0.7),4.1(0.7),919,1.6(0.4),1.3(0.4),915,5.3(0.8),5.1(0.8),916,6.0(1.0),6.0(0.8),915,7.6(1.0),6.9(0.9),914,7.0(0.8),6.6(0.8)
서울,서초구,,,,,,,,,,,,,,,,,,,,,,,,,,,,892,3.6(0.7),3.7(0.7),914,2.6(0.6),2.8(0.7),915,3.7(0.6),3.8(0.7),915,3.1(0.6),3.3(0.7),919,2.8(0.7),3.3(0.7)*,926,3.3(0.5),3.4(0.6),920,3.3(0.9),3.4(0.8)*,916,5.1(0.8),4.9(0.8)
서울,성동구,,,,,,,,,,,,,,,,,,,,,,,,,,,,914,3.4(0.6),3.2(0.6),915,3.7(0.7),3.7(0.7),915,4.4(0.7),4.5(0.8),915,2.4(0.5),2.4(0.5),914,5.6(0.9),4.9(0.7),916,4.0(0.6),3.9(0.7),919,4.6(0.7),5.1(0.8),915,3.4(0.6),3.6(0.6)
서울,성북구,,,,,,,,,,,,,,,,,,,,,,,,,,,,920,4.4(0.9),4.5(0.8),915,6.1(0.8),5.8(0.8),917,5.3(0.8),4.6(0.7),905,3.9(0.7),4.0(0.7),900,5.8(0.7),5.3(0.8),913,3.2(0.6),3.0(0.6),915,5.3(1.1),5.9(1.1),915,4.2(0.7),3.4(0.6)
서울,송파구,,,,,,,,,,,,,,,,,,,,,,,,,,,,935,3.0(0.5),3.0(0.5),923,1.9(0.5),1.9(0.5)*,922,3.0(0.7),3.0(0.6),927,1.5(0.4),1.4(0.4)*,924,3.3(0.6),3.0(0.5),934,3.6(0.7),3.2(0.6),920,4.2(0.5),4.2(0.6),918,2.4(0.5),2.5(0.6)
서울,양천구,,,,,,,,,,,,,,,,,,,,,,,,,,,,918,2.6(0.5),2.4(0.5),917,2.7(0.5),2.7(0.6),912,4.2(0.8),3.8(0.6),911,3.7(0.6),3.4(0.7),916,2.1(0.4),1.8(0.4),915,3.3(0.6),3.1(0.6),915,1.9(0.4),1.7(0.5),916,2.2(0.6),2.2(0.5)*
서울,영등포구,,,,,,,,,,,,,,,,,,,,,,,,,,,,921,2.9(0.5),2.9(0.6),915,2.9(0.5),2.9(0.5),909,2.0(0.5),2.1(0.6),913,2.7(0.6),2.7(0.6),915,5.5(0.9),5.4(0.8),914,5.6(0.8),5.7(0.9),917,3.9(0.6),3.9(0.7),915,5.0(0.7),4.6(0.7)
서울,용산구,,,,,,,,,,,,,,,,,,,,,,,,,,,,917,2.2(0.5),2.1(0.5),916,1.1(0.3),0.9(0.4)*,919,2.0(0.4),1.8(0.5),914,0.8(0.3),0.8(0.3)*,914,3.8(0.7),4.0(0.8),919,3.4(0.7),3.3(0.7),919,3.4(0.6),3.7(0.7),923,2.2(0.6),2.0(0.5)*
서울,은평구,,,,,,,,,,,,,,,,,,,,,,,,,,,,915,3.3(0.5),3.6(0.6),915,5.7(0.8),5.2(0.8),911,6.6(1.1),5.8(0.9),915,5.4(0.8),4.8(0.8),915,4.8(0.8),4.4(0.8),915,2.7(0.4),2.4(0.4),915,3.9(0.6),3.1(0.6),915,3.2(0.6),2.6(0.5)
서울,종로구,,,,,,,,,,,,,,,,,,,,,,,,,,,,915,4.1(0.8),4.0(0.8),910,5.6(0.8),5.5(0.8),908,3.5(0.6),2.8(0.5),917,3.7(0.6),3.4(0.6),912,5.3(0.7),5.0(0.8),916,7.6(1.0),6.9(1.0),915,4.9(0.7),4.5(0.7),913,7.6(1.1),6.9(1.0)
서울,중구,,,,,,,,,,,,,,,,,,,,,,,,,,,,904,1.7(0.4),1.9(0.6),914,2.2(0.5),2.1(0.5),907,2.2(0.5),2.1(0.5),908,1.0(0.3),0.7(0.3)*,920,2.4(0.5),2.0(0.5),911,2.7(0.6),2.5(0.6),912,3.7(0.7),3.2(0.6),913,3.8(0.8),3.4(0.7)
서울,중랑구,,,,,,,,,,,,,,,,,,,,,,,,,,,,910,5.2(0.8),5.5(0.9),915,4.1(0.8),4.3(0.8),914,6.5(1.1),6.5(1.1),912,4.9(0.8),4.9(0.9),913,4.5(0.8),4.1(0.7),916,5.1(0.9),5.2(1.0),916,6.9(0.9),7.5(1.0),915,2.8(0.6),2.8(0.7)
부산,강서구,,,,,,,,,,,,,,,,,,,,,,,,,,,,901,3.0(0.6),3.2(0.8),900,3.2(0.7),3.3(0.8),901,1.6(0.5),1.8(0.6)*,901,1.1(0.4),1.2(0.4)*,901,1.8(0.5),1.7(0.5)*,901,1.5(0.4),1.9(0.7)*,901,1.5(0.4),1.3(0.3)*,899,1.9(0.5),1.9(0.6)*
부산,금정구,,,,,,,,,,,,,,,,,,,,,,,,,,,,912,1.1(0.4),0.9(0.4)*,910,3.3(0.5),2.6(0.6),909,2.0(0.5),1.7(0.4),909,1.6(0.4),1.6(0.5),909,4.1(0.7),4.4(0.9),909,6.3(0.8),5.2(0.8),909,3.7(0.7),4.0(0.9),909,4.8(0.7),3.7(0.7)
부산,기장군,,,,,,,,,,,,,,,,,,,,,,,,,,,,904,3.4(0.6),3.3(0.7),906,5.5(0.9),4.5(0.8),906,3.7(0.7),3.1(0.6),895,1.7(0.5),1.5(0.4)*,906,4.3(0.8),4.0(0.7),907,3.1(0.6),2.6(0.5),904,4.1(0.7),3.4(0.6),904,5.7(0.9),5.0(0.8)
부산,남구,,,,,,,,,,,,,,,,,,,,,,,,,,,,909,2.6(0.6),2.0(0.4),908,3.2(0.6),2.7(0.5),906,3.1(0.5),2.7(0.5),908,2.5(0.8),2.3(0.7)*,909,3.0(0.5),2.8(0.6),909,5.9(1.0),5.3(1.1),912,3.9(0.6),3.7(0.8),909,3.0(0.6),2.8(0.7)
부산,동구,,,,,,,,,,,,,,,,,,,,,,,,,,,,905,4.2(0.7),3.8(0.8),901,4.7(0.7),4.3(0.8),904,2.5(0.4),1.7(0.5),903,4.7(0.8),4.6(1.2),903,3.6(0.7),3.5(0.8),904,4.3(0.8),3.0(0.7),902,3.0(0.5),2.3(0.6),903,5.3(0.9),4.2(0.9)
부산,동래구,,,,,,,,,,,,,,,,,,,,,,,,,,,,916,2.5(0.5),2.2(0.5),912,2.2(0.5),1.8(0.4),909,3.0(0.6),2.7(0.6),909,1.0(0.5),1.1(0.5)*,909,1.9(0.4),1.8(0.5),908,3.3(0.5),3.3(0.7),909,3.8(0.7),3.9(0.8),909,2.8(0.5),2.1(0.5)
부산,부산진구,,,,,,,,,,,,,,,,,,,,,,,,,,,,910,3.4(0.5),3.0(0.5),909,3.6(0.5),3.2(0.6),910,3.1(0.6),2.8(0.6),910,1.9(0.4),1.7(0.5),910,1.5(0.4),1.5(0.4)*,910,4.8(0.6),4.7(0.7),909,4.7(0.6),3.8(0.6),909,6.2(0.9),6.2(0.8)
부산,북구,,,,,,,,,,,,,,,,,,,,,,,,,,,,910,2.8(0.6),2.6(0.5),910,4.8(0.8),4.0(0.6),909,3.0(0.5),2.1(0.4),909,2.3(0.5),2.4(0.6),909,3.5(0.6),3.3(0.7),909,3.5(0.6),3.0(0.7),909,7.1(0.8),7.2(1.1),909,3.0(0.5),2.4(0.5)
부산,사상구,,,,,,,,,,,,,,,,,,,,,,,,,,,,909,3.5(0.7),3.2(0.6),911,5.0(0.8),4.1(0.6),908,5.1(0.7),4.7(0.7),907,3.0(0.5),3.1(0.6),909,5.3(0.6),4.7(0.8),909,6.9(1.1),6.8(1.1),909,7.9(1.1),8.2(1.2),909,6.0(0.9),4.7(0.8)
부산,사하구,,,,,,,,,,,,,,,,,,,,,,,,,,,,909,3.2(0.7),3.0(0.6),909,4.6(0.8),4.5(0.8),909,2.5(0.5),2.5(0.6),909,3.5(0.6),3.9(0.7),910,2.7(0.6),2.4(0.6),910,4.7(0.8),3.9(0.7),909,5.2(0.8),5.6(1.0),910,4.7(0.8),4.4(0.8)
부산,서구,,,,,,,,,,,,,,,,,,,,,,,,,,,,904,1.7(0.4),0.9(0.2),904,3.6(0.7),2.8(0.7),905,1.0(0.3),1.0(0.3)*,896,3.8(0.7),3.2(0.7),900,3.2(0.7),3.1(0.8),905,6.9(0.9),6.1(1.2),898,2.9(0.6),2.6(0.6),905,3.4(0.6),2.2(0.5)
부산,수영구,,,,,,,,,,,,,,,,,,,,,,,,,,,,908,2.9(0.7),2.6(0.7)*,908,3.5(0.6),3.2(0.7),908,1.1(0.4),0.6(0.2)*,908,3.1(0.6),3.2(0.7),907,3.4(0.6),3.0(0.6),912,3.7(0.7),3.6(0.7),908,2.9(0.6),2.9(0.7),913,5.7(0.8),4.8(0.8)
부산,연제구,,,,,,,,,,,,,,,,,,,,,,,,,,,,905,2.8(0.4),2.6(0.5),908,4.2(0.7),4.0(0.7),908,4.9(0.8),4.7(0.8),908,2.4(0.4),2.7(0.6),910,4.3(0.6),3.5(0.7),908,2.5(0.6),2.4(0.7),901,3.8(0.8),4.0(0.9),907,5.5(1.0),5.3(1.0)
부산,영도구,,,,,,,,,,,,,,,,,,,,,,,,,,,,903,5.1(0.7),4.8(0.8),898,5.4(1.1),5.0(0.9),906,3.0(0.5),3.5(0.6),904,3.8(0.7),2.9(0.6),891,6.2(0.9),5.1(1.1),893,7.1(0.9),6.8(1.1),889,5.1(0.9),3.4(0.7),905,5.8(0.8),4.9(1.0)
부산,중구,,,,,,,,,,,,,,,,,,,,,,,,,,,,892,2.4(0.6),2.6(0.7),896,6.6(1.0),6.1(1.0),895,2.9(0.6),2.2(0.5),891,4.3(0.7),4.2(0.8),895,2.8(0.5),1.9(0.5),895,3.6(0.8),4.1(0.9),895,2.6(0.5),3.3(0.8),895,4.8(0.8),3.5(0.6)
부산,해운대구,,,,,,,,,,,,,,,,,,,,,,,,,,,,909,4.1(0.6),4.0(0.8),894,3.5(0.5),3.1(0.6),909,4.0(0.6),3.7(0.6),910,3.3(0.6),3.3(0.6),910,2.9(0.5),3.0(0.6),908,4.6(0.6),4.2(0.7),888,2.7(0.5),3.2(0.7),910,3.3(0.6),3.5(0.8)
대구,남구,,,,,,,,,,,,,,,,,,,,,,,,,,,,910,2.5(0.8),2.3(0.5)*,909,2.6(0.6),2.6(0.7),911,1.7(0.4),1.3(0.4)*,915,1.4(0.4),1.3(0.4),915,3.2(0.5),3.3(0.6),913,4.2(0.8),4.6(1.0),911,5.4(0.8),5.9(1.1),913,4.9(0.8),4.0(0.8)
대구,달서구,,,,,,,,,,,,,,,,,,,,,,,,,,,,921,2.3(0.4),2.5(0.5),915,2.9(0.5),2.7(0.6),914,2.6(0.5),2.6(0.5),911,2.4(0.5),2.6(0.5),921,2.6(0.5),2.7(0.5),914,2.2(0.4),2.0(0.4),917,2.6(0.5),2.8(0.5),917,2.0(0.5),2.1(0.6)
대구,달성군,,,,,,,,,,,,,,,,,,,,,,,,,,,,909,3.4(0.8),3.5(0.8),912,2.3(0.6),2.2(0.6)*,911,3.1(0.8),3.3(0.8)*,913,2.2(0.5),2.1(0.5),916,3.2(0.5),3.3(0.7),914,4.7(0.8),5.2(0.9),912,2.8(0.6),2.9(0.7),912,3.3(0.5),3.5(0.7)
대구,동구,,,,,,,,,,,,,,,,,,,,,,,,,,,,916,3.4(0.7),3.1(0.6),916,1.5(0.5),1.3(0.4)*,912,2.8(0.6),2.6(0.6),916,1.2(0.3),1.2(0.3),913,2.3(0.5),2.3(0.5),915,3.2(0.5),3.5(0.7),918,3.5(0.6),3.7(0.7),914,4.3(0.7),4.2(0.8)
대구,북구,,,,,,,,,,,,,,,,,,,,,,,,,,,,914,1.1(0.3),1.0(0.3)*,907,2.1(0.5),2.0(0.4),907,4.0(0.6),3.9(0.6),913,2.6(0.5),2.1(0.5),915,3.1(0.5),3.2(0.6),916,2.9(0.5),2.9(0.6),914,6.0(0.7),5.9(0.8),913,3.1(0.5),3.0(0.7)
대구,서구,,,,,,,,,,,,,,,,,,,,,,,,,,,,907,2.0(0.5),2.3(0.6)*,912,1.5(0.4),1.5(0.4),910,2.0(0.5),2.3(0.7),917,2.6(0.4),2.9(0.7),915,2.2(0.5),2.2(0.6)*,912,3.5(0.6),3.7(0.8),914,1.4(0.3),1.1(0.3)*,911,2.0(0.5),2.1(0.7)*
대구,수성구,,,,,,,,,,,,,,,,,,,,,,,,,,,,915,2.2(0.4),2.3(0.5),914,1.2(0.4),1.4(0.4)*,913,1.3(0.4),1.1(0.4)*,916,1.6(0.4),1.5(0.4),923,2.5(0.4),2.6(0.6),916,2.6(0.8),2.3(0.5)*,916,3.2(0.5),3.1(0.6),913,3.0(0.5),2.8(0.7)
대구,중구,,,,,,,,,,,,,,,,,,,,,,,,,,,,905,4.5(0.8),4.4(0.9),904,2.1(0.6),1.5(0.4)*,900,3.9(0.7),3.1(0.5),910,3.6(0.8),4.1(0.8),908,3.3(0.7),3.4(0.7),911,3.4(0.8),3.9(0.8),910,2.4(0.6),2.5(0.6),908,3.2(0.5),2.9(0.6)
대구,군위군,,,,,,,,,,,,,,,,,,,,,,,,,,,,,,,,,,,,,,,,,,,,,,869,0.8(0.5),2.4(2.0)**,867,2.4(0.5),3.4(1.3)
인천,강화군,,,,,,,,,,,,,,,,,,,,,,,,,,,,892,2.5(0.7),3.1(1.1)*,894,4.1(0.8),3.3(1.0),892,3.2(0.7),2.9(1.2),893,1.4(0.4),1.2(0.6)*,894,2.4(0.7),2.5(1.1)*,895,2.2(0.5),2.3(1.0),889,4.3(0.8),5.3(1.4),893,5.6(0.9),6.0(1.6)
인천,계양구,,,,,,,,,,,,,,,,,,,,,,,,,,,,904,3.4(0.6),3.4(0.6),905,5.5(0.7),5.3(0.7),900,4.1(0.7),3.9(0.7),901,5.0(0.6),4.5(0.7),902,6.9(0.8),7.2(0.9),902,4.0(0.7),3.6(0.6),902,6.4(1.0),5.5(0.9),903,4.2(0.7),3.7(0.7)
인천,미추홀구,,,,,,,,,,,,,,,,,,,,,,,,,,,,901,5.4(0.7),5.8(0.7),902,7.1(0.9),7.0(0.9),899,4.7(0.8),4.9(0.8),899,5.4(0.8),5.3(0.8),902,4.8(0.8),4.9(0.7),902,5.9(0.7),6.3(0.8),902,5.4(0.7),5.6(0.8),902,4.9(0.7),4.4(0.6)
인천,남동구,,,,,,,,,,,,,,,,,,,,,,,,,,,,906,4.0(0.9),4.1(0.8),904,2.9(0.5),2.8(0.6),903,2.5(0.5),2.7(0.6),903,1.4(0.4),1.4(0.4)*,902,2.8(0.5),2.8(0.6),903,5.4(0.9),5.8(0.9),903,5.9(0.8),5.8(0.8),902,8.2(1.1),8.9(1.1)
인천,동구,,,,,,,,,,,,,,,,,,,,,,,,,,,,891,5.9(0.9),6.0(1.0),894,7.0(1.0),7.0(1.2),895,6.2(0.8),5.4(0.9),895,4.5(0.8),4.7(0.9),896,2.1(0.4),1.9(0.6),896,4.5(0.8),4.2(1.0),896,4.7(0.7),4.7(1.0),896,4.9(0.9),4.5(1.0)
인천,부평구,,,,,,,,,,,,,,,,,,,,,,,,,,,,902,4.4(0.6),4.4(0.6),898,4.9(1.0),4.3(0.7),905,3.6(0.6),3.4(0.5),905,3.3(0.5),3.5(0.6),903,3.4(0.7),3.5(0.7),903,5.0(0.7),5.1(0.8),903,3.7(0.6),3.3(0.5),904,5.8(0.7),5.7(0.9)
인천,서구,,,,,,,,,,,,,,,,,,,,,,,,,,,,902,2.3(0.5),2.2(0.5),902,6.2(0.9),6.1(0.9),902,2.7(0.5),2.9(0.6),900,4.9(0.6),5.0(0.8),903,3.5(0.6),3.5(0.6),902,3.9(0.5),4.1(0.6),903,3.0(0.5),3.2(0.6),902,4.3(0.7),4.1(0.7)
인천,연수구,,,,,,,,,,,,,,,,,,,,,,,,,,,,906,3.8(0.6),4.0(0.7),902,3.3(0.7),3.4(0.7),901,3.3(0.6),3.2(0.6),905,2.7(0.5),2.8(0.6),904,2.7(0.6),2.4(0.5),902,2.4(0.5),2.4(0.5),900,3.9(0.7),4.4(0.8),904,3.0(0.6),3.1(0.7)
인천,옹진군,,,,,,,,,,,,,,,,,,,,,,,,,,,,866,3.9(1.0),3.4(1.1)*,867,3.0(0.9),3.0(1.0)*,866,3.2(0.7),2.9(1.0),868,3.3(0.6),3.1(0.9),867,2.3(0.6),2.7(0.9),872,3.7(0.7),4.1(1.1),872,2.7(0.7),3.0(1.0)*,868,3.3(0.8),3.8(1.1)
인천,중구,,,,,,,,,,,,,,,,,,,,,,,,,,,,899,1.4(0.4),1.3(0.4)*,897,4.8(0.8),4.2(0.8),897,5.2(0.8),5.0(0.9),891,3.0(0.6),3.1(0.7),893,5.3(0.9),5.1(0.8),900,7.6(1.0),7.6(1.2),901,7.3(1.0),7.0(1.0),900,5.5(1.0),5.3(0.9)
광주,광산구,,,,,,,,,,,,,,,,,,,,,,,,,,,,918,5.6(0.9),5.7(0.7),914,3.7(0.6),3.7(0.6),908,4.4(0.7),4.3(0.6),918,2.5(0.5),2.5(0.5),924,5.3(0.7),5.5(0.7),914,2.7(0.5),2.8(0.5),914,5.6(0.8),5.6(0.8),915,2.5(0.5),2.4(0.5)
광주,남구,,,,,,,,,,,,,,,,,,,,,,,,,,,,914,2.6(0.5),2.6(0.6),914,2.8(0.5),2.7(0.6),910,2.5(0.7),3.0(0.8)*,931,3.3(0.6),3.4(0.7),919,3.0(0.5),3.0(0.5),913,4.4(0.9),4.2(0.8),913,4.1(0.7),3.7(0.7),914,3.2(0.6),2.2(0.5)
광주,동구,,,,,,,,,,,,,,,,,,,,,,,,,,,,912,6.4(0.9),5.8(0.8),909,5.9(0.9),5.1(0.8),905,2.6(0.5),2.4(0.6),911,4.5(0.9),3.5(0.7),917,3.2(0.6),2.4(0.6),910,4.8(0.7),4.4(0.8),910,1.9(0.5),1.4(0.4)*,910,1.4(0.4),1.5(0.5)*
광주,북구,,,,,,,,,,,,,,,,,,,,,,,,,,,,916,4.7(0.8),4.8(0.7),914,3.0(0.6),2.8(0.5),914,3.3(0.5),3.6(0.6),916,3.1(0.5),2.9(0.5),918,4.1(0.7),3.6(0.6),914,3.2(0.5),3.3(0.5),915,4.8(0.6),4.3(0.5),914,5.4(0.7),4.5(0.6)
광주,서구,,,,,,,,,,,,,,,,,,,,,,,,,,,,919,2.7(0.5),2.6(0.5),913,3.2(0.7),3.1(0.6),914,1.2(0.3),1.4(0.3),931,2.2(0.3),1.9(0.3),924,1.8(0.4),2.0(0.5),913,4.9(0.8),4.6(0.8),914,4.1(0.6),4.0(0.7),913,2.9(0.6),2.4(0.5)
대전,대덕구,,,,,,,,,,,,,,,,,,,,,,,,,,,,917,3.2(0.6),3.3(0.7),910,2.3(0.7),2.2(0.5)*,913,2.7(0.6),2.6(0.6),912,2.2(0.6),2.6(0.6)*,916,4.4(0.8),4.2(0.7),915,4.6(0.8),4.4(0.8),914,1.5(0.3),1.3(0.4),919,3.1(0.7),2.7(0.6)
대전,동구,,,,,,,,,,,,,,,,,,,,,,,,,,,,915,4.1(0.7),3.7(0.7),914,2.3(0.5),2.0(0.6),913,1.6(0.9),1.8(0.6)**,915,0.7(0.3),0.7(0.3)*,928,1.8(0.5),2.2(0.5)*,920,3.2(0.6),3.2(0.7),917,3.5(0.7),4.0(0.9),916,2.1(0.5),1.5(0.4)
대전,서구,,,,,,,,,,,,,,,,,,,,,,,,,,,,917,3.5(0.7),3.6(0.7),916,2.4(0.5),2.2(0.5),916,1.6(0.5),1.8(0.6)*,918,0.8(0.3),0.9(0.3)*,934,2.3(0.5),2.4(0.6),922,1.7(0.5),1.6(0.4)*,925,1.4(0.4),1.3(0.4)*,923,1.6(0.4),1.7(0.4)
대전,유성구,,,,,,,,,,,,,,,,,,,,,,,,,,,,906,2.0(0.6),2.1(0.5)*,918,1.1(0.3),1.1(0.3)*,914,1.3(0.3),1.4(0.4)*,915,2.6(0.6),2.7(0.6),913,3.5(0.7),3.7(0.7),916,4.1(0.7),4.3(0.7),906,4.7(0.7),4.8(0.8),916,6.3(0.8),6.6(0.9)
대전,중구,,,,,,,,,,,,,,,,,,,,,,,,,,,,914,2.3(0.4),2.2(0.5),914,3.4(0.7),3.0(0.6),915,3.5(0.6),3.6(0.6),914,4.1(0.6),4.0(0.8),913,3.8(0.6),3.2(0.6),920,5.9(0.7),4.9(0.8),918,4.0(0.7),3.7(0.7),918,4.0(0.7),3.2(0.5)
울산,남구,,,,,,,,,,,,,,,,,,,,,,,,,,,,908,2.1(0.6),2.3(0.6)*,910,1.7(0.5),1.8(0.4)*,912,2.8(0.5),2.8(0.5),914,3.5(0.6),3.9(0.7),915,4.6(0.7),4.5(0.7),907,6.1(0.9),6.7(1.0),914,3.7(0.7),4.2(0.9),911,4.8(0.7),4.8(0.8)
울산,동구,,,,,,,,,,,,,,,,,,,,,,,,,,,,909,2.1(0.5),2.2(0.5)*,910,2.0(0.6),1.9(0.5)*,909,2.1(0.5),2.5(0.6)*,910,2.8(0.7),3.4(0.8)*,909,2.0(0.5),2.1(0.6),911,2.6(0.5),3.0(0.7),910,2.5(0.5),3.1(0.7),911,4.1(0.6),4.4(0.8)
울산,북구,,,,,,,,,,,,,,,,,,,,,,,,,,,,908,1.5(0.4),1.8(0.5)*,910,4.7(0.9),5.5(0.8),911,3.1(0.7),3.1(0.6),912,2.7(0.6),2.9(0.6),912,2.6(0.5),2.7(0.5),907,4.4(0.7),5.0(0.8),910,3.9(0.6),4.2(0.7),907,4.3(0.8),4.7(0.9)
울산,울주군,,,,,,,,,,,,,,,,,,,,,,,,,,,,908,0.9(0.3),0.9(0.3)*,912,1.1(0.3),1.3(0.4)*,909,1.3(0.4),1.6(0.6)*,909,1.0(0.3),1.1(0.4)*,909,1.5(0.4),1.3(0.4)*,909,1.7(0.4),1.7(0.5),905,3.0(0.7),3.5(0.9),909,2.4(0.6),2.3(0.6)
울산,중구,,,,,,,,,,,,,,,,,,,,,,,,,,,,909,0.9(0.3),0.9(0.3)*,909,4.6(0.7),4.6(0.7),910,2.3(0.5),2.1(0.5),910,2.0(0.5),1.8(0.5),909,2.1(0.6),2.4(0.6)*,910,4.9(0.8),5.2(1.0),907,6.1(0.9),6.6(1.1),909,3.2(0.5),4.1(0.9)
세종,세종시,,,,,,,,,,,,,,,,,,,,,,,,,,,,919,2.5(0.6),2.8(0.7),917,3.9(0.7),3.6(0.6),896,2.1(0.6),2.3(0.7)*,901,4.1(0.7),4.1(0.7),919,2.3(0.6),2.4(0.5),917,1.7(0.5),1.6(0.4)*,920,5.4(0.9),5.2(0.9),920,5.8(0.6),5.8(0.9)
경기,가평군,,,,,,,,,,,,,,,,,,,,,,,,,,,,899,2.5(0.6),2.4(0.6),901,3.4(0.7),2.9(0.8),898,2.9(0.7),2.1(0.6),907,1.8(0.4),1.4(0.5),900,2.1(0.5),1.7(0.5),904,2.6(0.6),1.7(0.4),902,4.0(0.7),3.5(0.8),902,2.2(0.4),1.7(0.5)
경기,고양시,,,,,,,,,,,,,,,,,,,,,,,,,,,,"2,728",2.4(0.3),2.4(0.3),"2,718",4.0(0.5),4.1(0.4),"2,735",3.2(0.4),3.2(0.4),"2,759",2.3(0.3),2.2(0.3),"2,741",3.4(0.3),3.3(0.3),"2,747",3.9(0.4),3.8(0.4),"2,739",4.0(0.4),4.0(0.4),"2,742",3.2(0.3),3.1(0.4)
경기,고양시 덕양구,,,,,,,,,,,,,,,,,,,,,,,,,,,,910,2.3(0.6),2.4(0.5),907,5.9(1.0),6.1(0.9),921,3.1(0.5),3.3(0.6),910,2.1(0.4),2.1(0.5),910,3.6(0.5),3.4(0.5),916,4.0(0.7),4.0(0.7),913,3.1(0.5),2.8(0.5),915,2.4(0.5),2.0(0.4)
경기,고양시 일산동구,,,,,,,,,,,,,,,,,,,,,,,,,,,,908,1.6(0.4),1.8(0.5)*,909,3.4(0.6),3.5(0.6),911,3.5(0.7),3.3(0.7),940,2.7(0.6),2.7(0.6),921,2.8(0.5),2.9(0.6),922,4.8(0.7),4.5(0.7),913,6.3(1.0),6.6(1.0),915,3.6(0.7),3.8(0.8)
경기,고양시 일산서구,,,,,,,,,,,,,,,,,,,,,,,,,,,,910,3.2(0.7),3.0(0.6),902,1.7(0.5),1.6(0.4)*,903,3.0(0.7),2.8(0.6),909,2.0(0.5),2.1(0.5),910,3.7(0.8),3.4(0.6),909,3.0(0.7),2.8(0.6),913,3.1(0.7),3.4(0.6),912,4.3(0.6),4.2(0.8)
경기,과천시,,,,,,,,,,,,,,,,,,,,,,,,,,,,899,3.7(0.8),3.6(0.7),901,2.5(0.5),2.3(0.5),914,2.2(0.5),2.2(0.5),902,3.5(0.7),3.2(0.6),897,3.8(0.7),3.8(0.8),901,3.9(0.7),4.4(0.8),901,1.8(0.6),1.9(0.5)*,901,4.3(0.8),4.2(0.8)
경기,구리시,,,,,,,,,,,,,,,,,,,,,,,,,,,,911,2.8(0.6),2.4(0.5),914,2.2(0.5),2.0(0.5),911,1.5(0.4),1.6(0.4)*,912,1.3(0.3),1.4(0.3)*,910,3.0(0.6),3.2(0.6),906,1.0(0.3),1.0(0.4)*,910,2.6(0.6),2.8(0.6),908,2.8(0.7),3.0(0.6)
경기,김포시,,,,,,,,,,,,,,,,,,,,,,,,,,,,914,2.2(0.6),1.9(0.5)*,911,4.5(0.7),4.4(0.6),909,2.8(0.7),2.8(0.6)*,908,3.8(0.6),3.9(0.7),910,4.5(0.9),4.7(0.7),914,3.5(0.8),3.2(0.6),912,2.7(0.5),2.6(0.5),913,5.0(0.6),4.9(0.7)
경기,남양주시,,,,,,,,,,,,,,,,,,,,,,,,,,,,915,3.1(0.6),2.7(0.5),911,4.7(0.8),4.3(0.7),"1,797",2.2(0.4),2.0(0.4),"1,800",3.4(0.5),3.3(0.5),"1,804",2.7(0.4),2.9(0.5),"1,812",3.9(0.6),3.8(0.6),"1,811",3.0(0.4),3.0(0.5),"1,812",3.6(0.4),3.3(0.5)
경기,남양주시 남양주,,,,,,,,,,,,,,,,,,,,,,,,,,,,,,,,,,909,2.9(0.6),2.7(0.6),909,2.7(0.6),2.4(0.5),911,2.5(0.5),2.8(0.7),912,3.9(0.8),3.8(0.8),906,2.0(0.5),1.8(0.5)*,912,2.9(0.5),2.4(0.5)
경기,남양주시 풍양,,,,,,,,,,,,,,,,,,,,,,,,,,,,,,,,,,888,0.9(0.3),0.8(0.3)*,891,4.8(0.9),5.0(0.9),893,3.2(0.7),3.2(0.6),900,4.0(0.8),3.8(0.7),905,5.0(0.9),5.4(0.9),900,5.1(0.8),4.7(0.8)
경기,동두천시,,,,,,,,,,,,,,,,,,,,,,,,,,,,893,1.6(0.4),1.2(0.4)*,905,2.7(0.5),2.1(0.5),905,1.9(0.5),1.8(0.5)*,924,1.6(0.5),1.5(0.5)*,902,4.1(0.7),3.1(0.6),904,6.4(0.9),4.8(0.8),905,2.1(0.5),2.1(0.6),905,7.8(1.3),6.7(1.0)
경기,부천시,,,,,,,,,,,,,,,,,,,,,,,,,,,,"2,725",3.5(0.4),3.4(0.3),"2,728",2.7(0.4),2.5(0.3),"2,717",3.6(0.4),3.5(0.4),"2,749",3.9(0.4),3.8(0.4),"2,737",4.7(0.5),5.1(0.5),"2,736",5.4(0.5),5.4(0.5),"2,742",5.5(0.6),5.8(0.6),"2,736",5.2(0.5),5.3(0.5)
경기,부천시 소사,,,,,,,,,,,,,,,,,,,,,,,,,,,,907,2.4(0.6),2.3(0.5),908,2.5(0.6),2.5(0.6),912,3.6(0.6),3.6(0.6),911,2.9(0.6),2.6(0.5),912,4.8(0.7),5.1(0.9),910,5.4(0.9),5.1(0.8),912,5.7(0.9),6.0(0.9),910,5.5(0.8),5.6(0.9)
경기,부천시 오정,,,,,,,,,,,,,,,,,,,,,,,,,,,,906,4.6(0.9),4.2(0.7),907,2.8(0.6),2.5(0.5),901,4.0(0.5),4.0(0.7),921,5.1(0.8),5.2(0.9),912,4.0(0.7),4.5(0.8),913,5.0(0.8),5.5(0.9),914,4.9(0.8),4.9(0.9),914,5.0(0.9),4.8(0.8)
경기,부천시 원미,,,,,,,,,,,,,,,,,,,,,,,,,,,,912,3.7(0.5),3.7(0.6),913,2.7(0.6),2.5(0.5),904,3.5(0.7),3.2(0.6),917,4.0(0.7),4.0(0.7),913,4.8(0.7),5.3(0.8),913,5.6(0.8),5.5(0.9),916,5.7(0.9),5.8(0.9),912,5.2(0.8),5.4(0.8)
경기,양주시,,,,,,,,,,,,,,,,,,,,,,,,,,,,909,1.9(0.4),1.9(0.5),911,1.6(0.5),1.6(0.5)*,905,3.1(0.6),3.3(0.8),910,1.7(0.4),1.5(0.4),911,5.1(0.7),5.0(0.8),909,4.2(0.8),4.0(0.8),910,4.1(0.7),3.6(0.8),909,3.5(0.6),3.1(0.5)
경기,양평군,,,,,,,,,,,,,,,,,,,,,,,,,,,,902,4.0(0.7),2.9(0.5),900,5.1(0.7),3.8(0.7),897,3.7(0.6),2.6(0.6),906,1.7(0.4),2.6(0.8),902,2.6(0.6),2.9(0.8),905,3.7(0.7),4.6(1.2),906,3.9(0.7),4.8(1.2),904,3.0(0.6),2.2(0.6)
경기,여주시,,,,,,,,,,,,,,,,,,,,,,,,,,,,906,6.6(0.9),5.0(0.8),907,7.3(1.0),5.5(0.9),890,6.6(0.9),4.9(0.8),891,3.8(0.7),4.0(0.9),908,3.8(0.7),4.2(0.9),907,6.0(0.9),5.4(1.1),910,6.5(0.9),6.3(1.2),911,6.7(0.8),6.5(1.1)
경기,연천군,,,,,,,,,,,,,,,,,,,,,,,,,,,,896,1.5(0.4),1.3(0.5)*,894,1.5(0.4),0.9(0.3)*,898,1.4(0.4),1.2(0.4)*,895,3.7(0.7),2.8(0.8),895,3.8(0.7),4.0(1.0),895,2.4(0.6),2.3(0.8),895,2.1(0.5),2.3(0.9)*,894,5.3(0.9),5.8(1.2)
경기,의정부시,,,,,,,,,,,,,,,,,,,,,,,,,,,,908,4.1(0.7),4.2(0.7),910,1.8(0.5),1.5(0.4)*,909,3.0(0.5),2.8(0.6),912,3.0(0.5),3.1(0.7),913,4.9(0.8),4.6(0.8),910,4.6(0.7),4.6(0.7),908,4.4(0.7),4.3(0.8),911,3.6(0.8),3.5(0.7)
경기,이천시,,,,,,,,,,,,,,,,,,,,,,,,,,,,909,2.4(0.5),2.4(0.6),907,3.4(0.8),3.5(0.7),885,2.3(0.5),2.4(0.6),910,4.6(0.7),4.5(0.7),912,2.4(0.6),2.3(0.5)*,909,3.3(0.8),2.9(0.6),911,2.1(0.5),1.9(0.4),909,3.9(0.8),3.9(0.8)
경기,파주시,,,,,,,,,,,,,,,,,,,,,,,,,,,,908,0.9(0.3),0.8(0.3)*,911,3.2(0.5),2.8(0.5),908,4.3(0.7),4.2(0.7),895,4.5(0.9),4.8(0.9),905,3.5(0.6),3.7(0.7),906,3.3(0.6),3.0(0.6),895,2.3(0.5),2.6(0.6),910,2.2(0.5),2.3(0.5)
경기,포천시,,,,,,,,,,,,,,,,,,,,,,,,,,,,909,6.2(1.0),5.9(1.0),906,5.0(0.9),4.6(0.9),899,2.2(0.5),2.5(0.7),900,3.5(0.8),4.8(1.2),907,5.9(0.9),5.8(0.9),907,3.5(0.7),3.5(0.7),908,5.2(0.9),4.3(0.7),908,6.5(1.0),6.6(1.2)
경기,하남시,,,,,,,,,,,,,,,,,,,,,,,,,,,,907,1.3(0.4),1.4(0.4)*,912,2.3(0.6),2.1(0.5)*,889,1.1(0.4),1.0(0.3)*,914,1.7(0.5),1.8(0.5)*,908,0.8(0.3),0.9(0.4)*,906,2.4(0.4),2.4(0.5),909,2.4(0.6),2.1(0.5),908,3.2(0.7),3.3(0.7)
경기,광명시,,,,,,,,,,,,,,,,,,,,,,,,,,,,904,3.0(0.6),2.6(0.5),918,3.0(0.6),3.1(0.6),916,2.6(0.7),2.7(0.6),917,2.2(0.5),2.3(0.6)*,910,2.6(0.4),2.6(0.4),910,2.7(0.6),2.6(0.7),910,4.2(0.8),4.1(0.9),910,2.3(0.5),2.1(0.5)
경기,광주시,,,,,,,,,,,,,,,,,,,,,,,,,,,,911,1.5(0.4),1.4(0.4)*,916,0.9(0.3),1.0(0.4)*,914,1.2(0.3),1.0(0.3)*,919,0.8(0.4),0.8(0.3)*,910,1.8(0.5),1.6(0.4)*,908,1.4(0.4),1.4(0.4)*,909,1.6(0.4),1.8(0.6),909,3.0(0.6),2.3(0.5)
경기,군포시,,,,,,,,,,,,,,,,,,,,,,,,,,,,909,2.4(0.5),2.2(0.5),909,5.3(0.8),5.1(0.8),909,3.9(0.7),3.9(0.6),906,1.8(0.4),1.9(0.5),908,2.8(0.6),3.0(0.7),908,3.7(0.7),3.6(0.6),908,3.0(0.7),3.1(0.6),907,3.7(0.7),3.6(0.7)
경기,성남시,,,,,,,,,,,,,,,,,,,,,,,,,,,,"2,723",3.9(0.4),4.0(0.4),"2,734",3.1(0.4),2.8(0.3),"2,728",2.2(0.3),2.2(0.3),"2,726",2.5(0.4),2.4(0.3),"2,732",2.5(0.4),2.5(0.4),"2,724",2.9(0.4),3.2(0.4),"2,705",2.7(0.4),3.0(0.4),"2,724",4.7(0.5),4.9(0.5)
경기,성남시 분당구,,,,,,,,,,,,,,,,,,,,,,,,,,,,910,3.7(0.6),3.7(0.6),910,3.5(0.6),3.3(0.5),909,2.5(0.5),2.5(0.5),908,2.9(0.6),2.8(0.6),909,2.8(0.6),2.7(0.6),906,2.9(0.6),3.2(0.7),894,3.1(0.7),3.5(0.7),907,4.9(0.8),5.3(0.8)
경기,성남시 수정구,,,,,,,,,,,,,,,,,,,,,,,,,,,,910,5.1(0.7),5.2(0.8),910,3.1(0.5),2.8(0.5),910,2.2(0.5),2.0(0.5),909,2.1(0.5),1.8(0.4),917,2.6(0.6),2.9(0.6),909,3.7(0.6),4.0(0.8),903,2.6(0.6),3.0(0.8),908,3.8(0.6),4.0(0.7)
경기,성남시 중원구,,,,,,,,,,,,,,,,,,,,,,,,,,,,903,3.0(0.5),3.2(0.6),914,2.1(0.5),2.0(0.5)*,909,1.4(0.4),1.6(0.5)*,909,2.2(0.5),2.3(0.6),906,1.8(0.5),1.6(0.4)*,909,2.2(0.5),2.1(0.5),908,1.9(0.5),1.9(0.5),909,5.1(1.0),5.2(1.1)
경기,수원시,,,,,,,,,,,,,,,,,,,,,,,,,,,,"3,637",4.1(0.4),4.2(0.4),"3,644",2.9(0.3),2.9(0.3),"3,636",5.0(0.4),5.1(0.4),"3,648",3.4(0.3),3.6(0.3),"3,658",3.8(0.3),3.8(0.3),"3,639",4.0(0.4),4.3(0.4),"3,634",5.7(0.4),5.8(0.4),"3,638",4.0(0.3),4.0(0.4)
경기,수원시 권선구,,,,,,,,,,,,,,,,,,,,,,,,,,,,920,3.9(0.7),3.9(0.7),910,3.5(0.7),3.6(0.6),910,4.2(0.7),4.4(0.7),924,4.4(0.7),4.7(0.7),921,4.9(0.7),4.9(0.7),911,4.4(0.8),4.8(0.8),908,6.6(0.8),6.5(0.8),911,5.1(0.7),5.1(0.8)
경기,수원시 영통구,,,,,,,,,,,,,,,,,,,,,,,,,,,,910,5.4(0.9),5.7(0.9),912,3.4(0.7),3.5(0.6),909,6.8(0.9),6.9(0.9),906,3.0(0.6),3.1(0.6),909,2.8(0.6),3.2(0.6),909,2.9(0.5),3.1(0.6),909,5.1(0.9),5.3(0.9),909,2.9(0.5),3.0(0.6)
경기,수원시 장안구,,,,,,,,,,,,,,,,,,,,,,,,,,,,911,4.0(0.6),4.2(0.8),912,2.1(0.4),1.8(0.4),906,4.7(0.8),5.1(1.0),910,4.2(0.8),4.4(0.7),916,4.7(0.9),4.6(0.7),912,4.6(0.7),4.6(0.8),909,4.5(0.6),4.6(0.7),909,3.0(0.5),2.6(0.5)
경기,수원시 팔달구,,,,,,,,,,,,,,,,,,,,,,,,,,,,896,2.4(0.6),2.5(0.6),910,1.9(0.4),1.7(0.4),911,3.4(0.8),3.2(0.6),908,0.6(0.2),0.5(0.2)*,912,2.1(0.4),2.1(0.5),907,4.5(0.7),4.7(0.8),908,6.7(0.9),6.7(1.0),909,5.4(0.8),5.6(1.0)
경기,시흥시,,,,,,,,,,,,,,,,,,,,,,,,,,,,910,2.2(0.5),2.1(0.5),908,3.3(0.6),3.2(0.6),908,2.9(0.6),3.0(0.6),910,5.2(0.8),5.5(0.7),910,4.6(0.7),4.9(0.8),910,2.9(0.6),2.9(0.6),910,3.9(0.6),4.0(0.7),910,6.1(0.8),6.2(0.8)
경기,안산시,,,,,,,,,,,,,,,,,,,,,,,,,,,,"1,840",4.0(0.5),4.2(0.5),"1,821",5.3(0.5),5.5(0.6),"1,822",5.6(0.6),6.0(0.6),"1,832",5.4(0.5),5.7(0.6),"1,848",5.1(0.5),5.1(0.5),"1,819",6.7(0.6),6.9(0.7),"1,819",6.9(0.7),7.4(0.7),"1,819",5.6(0.6),5.8(0.6)
경기,안산시 단원구,,,,,,,,,,,,,,,,,,,,,,,,,,,,918,5.5(0.8),5.7(0.8),912,4.4(0.7),4.7(0.7),909,5.3(0.7),5.9(0.8),919,5.4(0.8),5.7(0.8),928,5.0(0.7),5.0(0.7),910,5.3(0.7),5.6(0.8),909,6.2(0.8),6.6(0.9),910,4.7(0.7),4.7(0.8)
경기,안산시 상록구,,,,,,,,,,,,,,,,,,,,,,,,,,,,922,2.7(0.6),2.8(0.6),909,6.0(0.8),6.2(0.9),913,5.8(0.9),5.9(0.9),913,5.5(0.7),5.5(0.8),920,5.1(0.8),5.1(0.8),909,7.9(0.9),8.1(1.1),910,7.5(1.0),8.0(1.1),909,6.5(0.9),6.8(1.0)
경기,안성시,,,,,,,,,,,,,,,,,,,,,,,,,,,,909,3.9(0.7),4.3(0.7),910,2.4(0.5),2.3(0.5),905,4.3(1.0),4.2(0.8),897,6.0(0.9),6.3(1.0),907,5.6(0.9),5.6(1.0),904,9.1(1.0),8.5(1.0),880,6.5(1.0),6.1(1.0),903,7.3(0.9),7.5(1.1)
경기,안양시,,,,,,,,,,,,,,,,,,,,,,,,,,,,"1,820",2.9(0.4),2.9(0.4),"1,820",3.8(0.5),3.9(0.5),"1,805",2.3(0.4),2.6(0.4),"1,805",2.9(0.4),2.9(0.4),"1,813",4.3(0.5),4.3(0.5),"1,813",4.0(0.5),4.0(0.5),"1,794",2.2(0.3),2.5(0.4),"1,816",3.5(0.4),3.8(0.5)
경기,안양시 동안구,,,,,,,,,,,,,,,,,,,,,,,,,,,,910,3.0(0.6),2.8(0.5),909,3.6(0.7),3.8(0.7),909,2.2(0.5),2.5(0.6),902,2.2(0.6),2.1(0.5)*,905,4.1(0.8),4.3(0.8),914,2.8(0.5),2.9(0.6),908,1.7(0.4),1.8(0.5),906,3.5(0.6),3.7(0.7)
경기,안양시 만안구,,,,,,,,,,,,,,,,,,,,,,,,,,,,910,2.8(0.6),3.1(0.6),911,4.1(0.7),4.1(0.7),896,2.4(0.5),2.7(0.6),903,3.8(0.5),4.0(0.7),908,4.7(0.7),4.2(0.7),899,5.5(0.9),5.4(0.9),886,2.9(0.6),3.4(0.7),910,3.6(0.6),4.0(0.8)
경기,오산시,,,,,,,,,,,,,,,,,,,,,,,,,,,,903,2.6(0.6),2.8(0.6),905,4.2(0.6),4.4(0.7),907,3.0(0.6),3.2(0.6),906,3.1(0.6),3.2(0.6),904,5.4(0.8),5.6(0.9),909,3.8(0.8),3.9(0.7),908,4.2(0.7),4.1(0.6),910,5.2(0.8),5.7(0.8)
경기,용인시,,,,,,,,,,,,,,,,,,,,,,,,,,,,"2,676",2.9(0.4),3.0(0.4),"2,720",2.7(0.3),2.7(0.3),"2,718",2.5(0.3),2.4(0.3),"2,715",1.8(0.3),1.8(0.3),"2,717",3.2(0.4),3.3(0.4),"2,715",2.2(0.3),2.3(0.3),"2,718",2.6(0.3),2.5(0.3),"2,723",3.3(0.3),3.0(0.3)
경기,용인시 기흥구,,,,,,,,,,,,,,,,,,,,,,,,,,,,911,1.6(0.4),1.8(0.5),905,1.8(0.5),1.8(0.5)*,906,2.0(0.5),1.6(0.3),899,2.5(0.5),2.4(0.5),906,4.6(0.7),4.5(0.7),897,2.1(0.4),2.2(0.5),900,2.8(0.5),2.5(0.5),905,3.3(0.6),2.8(0.5)
경기,용인시 수지구,,,,,,,,,,,,,,,,,,,,,,,,,,,,909,4.3(0.9),4.5(0.7),910,4.7(0.6),4.7(0.7),906,3.0(0.5),3.1(0.5),910,1.6(0.5),1.7(0.5)*,910,2.8(0.6),3.1(0.7),910,2.6(0.5),2.8(0.7),910,2.1(0.5),2.1(0.6)*,909,2.3(0.5),2.3(0.5)
경기,용인시 처인구,,,,,,,,,,,,,,,,,,,,,,,,,,,,856,3.2(0.5),3.2(0.6),905,1.2(0.3),1.0(0.3)*,906,2.5(0.6),2.6(0.6),906,1.0(0.3),1.0(0.3)*,901,1.6(0.4),1.5(0.4),908,1.8(0.4),1.7(0.5),908,2.8(0.5),3.0(0.7),909,4.4(0.6),4.5(0.7)
경기,의왕시,,,,,,,,,,,,,,,,,,,,,,,,,,,,924,3.4(0.7),3.5(0.7),912,4.2(0.7),3.8(0.6),898,3.6(0.7),3.8(0.7),908,2.8(0.6),2.8(0.6),913,2.7(0.6),2.8(0.6),910,3.7(0.7),3.7(0.7),909,3.9(0.9),3.9(0.7),910,5.4(0.9),5.7(0.9)
경기,평택시,,,,,,,,,,,,,,,,,,,,,,,,,,,,"1,832",5.2(0.6),5.3(0.7),"1,820",3.8(0.5),3.7(0.4),"1,819",3.9(0.5),3.9(0.6),"1,832",3.7(0.5),3.8(0.5),"1,828",3.6(0.5),3.6(0.5),"1,821",5.0(0.6),5.0(0.6),"1,809",5.0(0.6),5.4(0.6),"1,822",4.3(0.5),4.7(0.6)
경기,평택시 송탄,,,,,,,,,,,,,,,,,,,,,,,,,,,,913,4.9(0.8),5.1(0.8),910,5.5(0.7),5.5(0.8),908,2.4(0.6),2.5(0.6),911,4.0(0.7),3.8(0.6),916,3.1(0.6),3.2(0.7),911,3.7(0.7),3.8(0.7),901,6.6(0.9),6.8(0.9),910,5.6(0.8),6.1(0.9)
경기,평택시 평택,,,,,,,,,,,,,,,,,,,,,,,,,,,,919,5.4(0.8),5.4(0.9),910,2.9(0.6),2.8(0.5),911,4.7(0.8),4.6(0.8),921,3.6(0.7),3.8(0.7),912,3.9(0.6),3.8(0.7),910,5.6(0.8),5.6(0.8),908,4.2(0.8),4.7(0.8),912,3.6(0.7),3.8(0.7)
경기,화성시,,,,,,,,,,,,,,,,,,,,,,,,,,,,919,2.2(0.5),2.2(0.5),910,2.0(0.5),1.9(0.5)*,909,3.1(0.5),3.1(0.5),916,3.9(0.8),4.1(0.7),915,2.4(0.6),2.8(0.6),"2,726",4.0(0.4),4.2(0.4),"2,712",3.9(0.4),4.0(0.4),"2,722",4.9(0.5),4.9(0.5)
경기,화성시 서부,,,,,,,,,,,,,,,,,,,,,,,,,,,,,,,,,,,,,,,,,,,912,5.4(0.7),5.7(0.9),909,5.4(0.8),5.0(0.8),910,5.6(0.8),5.9(0.8)
경기,화성시 동탄,,,,,,,,,,,,,,,,,,,,,,,,,,,,,,,,,,,,,,,,,,,913,2.7(0.7),2.7(0.6),907,3.3(0.5),3.3(0.6),912,4.7(0.8),5.0(0.8)
경기,화성시 동부,,,,,,,,,,,,,,,,,,,,,,,,,,,,,,,,,,,,,,,,,,,901,3.9(0.7),4.3(0.7),896,2.5(0.5),2.6(0.5),900,4.1(0.8),4.1(0.7)
강원,강릉시,,,,,,,,,,,,,,,,,,,,,,,,,,,,894,5.6(0.7),5.0(0.9),894,4.0(0.7),2.8(0.5),859,2.5(0.8),3.4(0.9)*,893,3.5(0.7),3.5(0.8),891,4.8(0.9),4.5(0.8),890,3.9(0.7),4.3(0.9),890,4.4(0.9),4.0(0.9),891,4.6(0.7),5.0(0.8)
강원,고성군,,,,,,,,,,,,,,,,,,,,,,,,,,,,869,2.3(0.5),1.8(0.6),867,1.0(0.4),1.1(0.5)*,871,0.9(0.4),1.3(0.7)*,867,0.2(0.1),0.0(0.0)**,874,1.5(0.4),0.6(0.2)*,870,0.7(0.2),0.3(0.1)*,871,0.8(0.3),1.2(0.6)*,868,2.2(0.6),3.4(0.9)*
강원,동해시,,,,,,,,,,,,,,,,,,,,,,,,,,,,886,3.7(0.8),4.5(1.0),878,2.8(0.6),3.2(0.9),881,3.3(0.7),2.8(0.6),885,1.8(0.4),1.8(0.5),885,2.2(0.5),1.6(0.4),885,3.5(0.7),3.0(0.7),886,2.8(0.6),2.3(0.7),886,2.3(0.6),1.7(0.5)
강원,삼척시,,,,,,,,,,,,,,,,,,,,,,,,,,,,875,2.4(0.7),2.0(0.6)*,874,4.2(0.9),5.1(1.2),885,3.1(0.7),2.6(0.7),883,5.3(0.9),5.5(1.1),884,4.4(0.8),4.2(1.0),884,3.5(0.8),3.1(0.8),884,3.4(0.6),3.3(0.8),883,3.0(0.6),2.8(0.8)
강원,속초시,,,,,,,,,,,,,,,,,,,,,,,,,,,,879,0.3(0.1),0.1(0.1)**,891,1.0(0.3),0.8(0.3)*,885,0.4(0.2),0.5(0.4)**,887,0.7(0.3),0.7(0.3)*,889,0.3(0.2),0.5(0.3)**,885,1.9(0.5),2.1(0.6)*,885,2.1(0.6),2.0(0.6)*,885,3.4(0.7),3.4(0.8)
강원,양구군,,,,,,,,,,,,,,,,,,,,,,,,,,,,863,1.3(0.6),1.0(0.5)*,865,2.9(0.8),2.5(0.8)*,840,2.8(0.6),2.6(0.8),859,2.2(0.5),1.5(0.4),861,2.6(0.5),1.9(0.5),862,4.6(0.7),3.9(0.8),865,4.3(1.1),3.7(1.2)*,859,2.8(0.6),1.9(0.5)
강원,양양군,,,,,,,,,,,,,,,,,,,,,,,,,,,,865,1.7(0.5),2.0(0.7)*,873,1.5(0.5),1.1(0.4)*,864,1.1(0.3),0.7(0.4)*,865,1.9(0.4),2.2(0.7),866,1.1(0.4),1.4(0.5)*,869,3.5(0.6),3.3(0.9),869,3.6(0.7),3.8(1.0),864,5.2(0.8),5.0(1.1)
강원,영월군,,,,,,,,,,,,,,,,,,,,,,,,,,,,876,5.7(1.1),5.7(1.4),876,2.5(0.5),1.1(0.2),873,3.2(0.7),3.3(1.1),875,2.4(0.5),2.5(0.8),875,2.8(0.7),3.2(1.0),877,5.3(0.9),5.7(1.5),877,5.6(0.9),5.6(1.5),876,6.0(0.9),6.4(1.7)
강원,원주시,,,,,,,,,,,,,,,,,,,,,,,,,,,,892,3.3(0.5),3.4(0.6),888,4.7(1.0),4.5(0.8),891,5.8(0.7),5.8(0.8),891,4.8(0.9),5.4(0.9),891,5.0(0.8),5.2(0.8),892,6.5(0.8),6.1(0.8),891,5.2(0.6),5.5(0.9),892,4.4(0.7),4.9(0.9)
강원,인제군,,,,,,,,,,,,,,,,,,,,,,,,,,,,872,0.4(0.2),0.2(0.1)**,870,2.3(0.5),2.0(0.6),871,2.9(0.7),2.4(0.7),870,1.5(0.6),2.4(0.9)*,874,4.2(0.8),3.6(0.8),871,2.2(0.6),2.3(0.7)*,870,1.9(0.5),1.5(0.5)*,871,3.1(0.6),2.9(1.0)
강원,정선군,,,,,,,,,,,,,,,,,,,,,,,,,,,,876,2.6(0.6),2.7(1.0),875,2.9(0.6),3.4(1.1),875,1.7(0.4),1.2(0.4),875,3.5(0.7),4.0(1.2),875,3.9(0.7),4.0(1.3),875,2.6(0.6),3.5(1.2),877,1.7(0.4),1.4(0.8)*,875,2.7(0.7),2.4(1.0)
강원,철원군,,,,,,,,,,,,,,,,,,,,,,,,,,,,879,0.7(0.3),0.8(0.4)*,879,1.0(0.4),0.8(0.4)*,875,2.5(0.6),2.3(0.7),873,1.8(0.5),1.0(0.3)*,874,1.3(0.5),1.1(0.4)*,873,2.0(0.5),2.5(0.8)*,878,1.3(0.5),1.7(0.8)*,877,3.9(1.0),5.6(1.1)*
강원,춘천시,,,,,,,,,,,,,,,,,,,,,,,,,,,,893,2.1(0.5),1.8(0.4)*,887,2.9(0.6),2.3(0.5),888,4.0(0.9),4.2(1.0),892,3.2(0.7),2.8(0.6),891,3.5(0.6),3.4(0.6),892,3.5(0.6),3.4(0.8),892,5.4(0.8),4.4(0.7),891,5.1(0.8),4.9(0.7)
강원,태백시,,,,,,,,,,,,,,,,,,,,,,,,,,,,878,5.0(0.7),4.0(0.8),877,2.5(0.5),1.5(0.4),879,3.7(0.8),4.6(1.2),878,2.7(0.6),3.2(0.8),877,3.0(0.6),2.0(0.6),877,4.1(0.7),3.6(0.9),877,3.6(0.7),3.8(1.0),880,2.8(0.5),1.6(0.4)
강원,평창군,,,,,,,,,,,,,,,,,,,,,,,,,,,,878,3.3(0.6),3.4(1.0),877,4.0(0.7),3.8(1.1),877,4.5(0.8),3.2(0.8),877,2.2(0.5),1.4(0.4),876,4.5(0.8),3.1(0.8),877,5.3(0.8),4.3(1.1),879,3.6(0.6),2.8(0.9),878,4.0(0.7),3.1(0.8)
강원,홍천군,,,,,,,,,,,,,,,,,,,,,,,,,,,,882,4.1(0.7),3.1(0.7),882,4.6(0.7),3.5(0.8),882,4.4(0.9),4.4(1.0),884,3.3(0.7),3.4(0.9),883,4.0(0.8),4.6(1.1),882,3.6(0.7),2.9(0.8),883,3.8(0.7),4.3(1.0),883,5.7(0.8),4.7(0.9)
강원,화천군,,,,,,,,,,,,,,,,,,,,,,,,,,,,857,1.9(0.9),1.7(0.8)*,854,1.8(0.5),1.7(0.6)*,844,1.8(0.5),1.3(0.5)*,858,0.9(0.4),0.9(0.6)*,863,2.1(0.6),2.7(0.8)*,862,1.0(0.5),1.5(0.7)*,865,2.5(0.8),3.1(1.1)*,863,4.1(0.8),2.6(0.7)
강원,횡성군,,,,,,,,,,,,,,,,,,,,,,,,,,,,877,5.8(0.9),5.2(1.1),876,3.8(0.6),2.1(0.5),878,1.9(0.5),0.9(0.3)*,879,3.5(0.7),2.8(0.8),877,2.6(0.6),2.5(0.9),877,2.0(0.5),1.3(0.5),877,2.2(0.5),1.9(0.6),878,2.4(0.6),2.2(0.8)
충북,괴산군,,,,,,,,,,,,,,,,,,,,,,,,,,,,879,3.2(0.8),4.5(1.5),877,2.2(0.6),1.8(0.6)*,877,1.2(0.3),0.4(0.1)*,886,1.8(0.8),3.3(1.4)*,881,3.1(0.7),1.9(0.7),879,3.5(0.7),1.4(0.3),836,3.4(0.7),6.0(1.8),889,5.6(1.0),7.5(2.0)
충북,단양군,,,,,,,,,,,,,,,,,,,,,,,,,,,,875,3.1(0.6),3.3(0.9),874,5.9(0.9),3.7(0.9),880,3.0(0.6),2.0(0.6),866,1.8(0.5),1.7(0.7)*,876,1.4(0.5),1.7(0.9)*,861,3.8(0.7),2.3(1.0),835,4.2(0.9),3.6(1.3),856,3.0(0.6),2.6(1.0)
충북,보은군,,,,,,,,,,,,,,,,,,,,,,,,,,,,868,2.9(0.7),3.0(1.3),861,3.8(0.8),3.5(1.2),870,2.9(0.7),3.9(1.5),879,1.5(0.6),2.3(1.1)*,882,2.7(0.7),2.9(1.2)*,881,3.7(0.8),4.0(1.4),877,3.3(0.8),4.1(1.5),876,4.1(0.7),4.1(1.2)
충북,영동군,,,,,,,,,,,,,,,,,,,,,,,,,,,,860,3.1(0.8),2.0(0.5)*,881,2.1(0.5),1.8(0.7),881,1.9(0.5),1.4(0.5)*,884,0.7(0.3),0.5(0.2)*,888,1.7(0.5),0.9(0.3)*,888,4.2(0.7),3.1(1.0),888,4.8(0.8),4.2(1.1),888,2.5(0.5),2.5(0.7)
충북,옥천군,,,,,,,,,,,,,,,,,,,,,,,,,,,,863,2.1(0.6),2.4(0.9)*,876,0.9(0.3),0.7(0.3)*,887,1.6(0.5),1.9(0.9)*,884,3.1(0.8),3.1(0.9),892,3.6(1.1),5.7(1.6)*,891,5.2(0.8),4.7(1.1),889,3.8(0.7),4.8(1.1),889,2.5(0.5),2.8(0.9)
충북,음성군,,,,,,,,,,,,,,,,,,,,,,,,,,,,890,5.1(0.8),4.3(0.8),891,5.3(0.9),4.2(0.8),886,3.8(0.6),3.0(0.6),899,2.4(0.7),2.3(0.6)*,893,2.7(0.6),3.8(1.0),877,2.9(0.6),4.3(1.0),869,3.4(0.7),3.0(0.7),879,2.7(0.7),1.8(0.5)
충북,제천시,,,,,,,,,,,,,,,,,,,,,,,,,,,,891,3.0(0.7),3.1(0.8),887,4.1(0.8),3.2(0.6),890,4.2(0.7),4.9(1.2),897,3.1(0.6),2.8(0.6),894,3.5(0.7),3.6(0.9),896,5.7(0.9),7.4(1.3),896,3.8(0.7),3.6(0.8),892,3.9(0.6),3.0(0.6)
충북,증평군,,,,,,,,,,,,,,,,,,,,,,,,,,,,868,5.5(0.9),4.7(0.8),852,6.1(1.0),5.3(0.9),882,7.2(0.8),7.4(1.2),872,2.3(0.6),2.0(0.5)*,876,2.0(0.5),2.1(0.6),882,3.6(0.7),3.1(0.6),874,4.4(0.7),4.8(0.9),887,4.8(0.9),4.1(0.8)
충북,진천군,,,,,,,,,,,,,,,,,,,,,,,,,,,,878,1.8(0.5),1.5(0.5)*,892,2.7(0.7),2.7(0.6),888,3.0(0.6),2.6(0.6),885,2.8(0.7),3.2(0.8),887,2.3(0.6),2.7(0.7),887,2.2(0.6),2.7(0.7)*,884,5.1(0.9),6.0(1.1),885,5.4(0.9),5.5(0.9)
충북,청원군,,,,,,,,,,,,,,,,,,,,,,,,,,,,,,,,,,,,,,,,,,,,,,,,,,,
충북,청주시(통합 전),,,,,,,,,,,,,,,,,,,,,,,,,,,,,,,,,,,,,,,,,,,,,,,,,,,
충북,청주시 상당구,,,,,,,,,,,,,,,,,,,,,,,,,,,,,,,,,,,,,,,,,,,,,,,,,,,
충북,청주시 흥덕구,,,,,,,,,,,,,,,,,,,,,,,,,,,,,,,,,,,,,,,,,,,,,,,,,,,
충북,청주시(통합 후),,,,,,,,,,,,,,,,,,,,,,,,,,,,"3,574",2.9(0.3),2.8(0.3),"3,594",3.7(0.3),3.5(0.3),"3,595",3.7(0.4),3.7(0.4),"3,594",2.4(0.3),2.3(0.3),"3,584",2.4(0.3),2.6(0.3),"3,605",3.1(0.3),3.1(0.3),"3,586",3.3(0.3),3.2(0.3),"3,595",3.0(0.3),3.0(0.3)
충북,청주시 상당구,,,,,,,,,,,,,,,,,,,,,,,,,,,,891,4.8(0.8),4.6(0.8),898,9.0(1.0),8.8(1.2),896,7.0(1.0),6.5(0.9),898,4.7(0.8),4.6(0.8),900,2.9(0.7),3.1(0.7),900,4.3(0.8),4.0(0.7),889,4.4(0.7),4.4(0.8),899,2.3(0.6),2.3(0.7)*
충북,청주시 서원구,,,,,,,,,,,,,,,,,,,,,,,,,,,,896,4.3(0.9),4.0(0.7),893,3.5(0.6),3.4(0.7),898,1.5(0.3),1.4(0.3),899,2.4(0.6),2.2(0.5)*,900,1.9(0.5),1.7(0.5)*,903,2.7(0.6),2.6(0.5),896,4.3(0.7),4.2(0.7),900,3.8(0.7),3.3(0.6)
충북,청주시 흥덕구,,,,,,,,,,,,,,,,,,,,,,,,,,,,893,1.6(0.4),1.6(0.4)*,903,1.2(0.4),1.2(0.4)*,901,4.3(0.9),4.5(0.8),899,1.7(0.4),1.7(0.5)*,888,1.7(0.4),1.9(0.5),901,2.5(0.6),2.7(0.6),900,2.4(0.6),2.4(0.6)*,896,2.4(0.7),2.6(0.6)*
충북,청주시 청원구,,,,,,,,,,,,,,,,,,,,,,,,,,,,894,1.3(0.4),1.2(0.4)*,900,2.3(0.6),2.1(0.5)*,900,2.2(0.5),2.1(0.5),898,1.1(0.4),1.2(0.4)*,896,3.5(0.6),3.7(0.6),901,3.2(0.6),3.1(0.6),901,2.2(0.5),2.0(0.5),900,3.9(0.8),3.9(0.7)
충북,충주시,,,,,,,,,,,,,,,,,,,,,,,,,,,,900,3.0(0.8),2.5(0.7)*,887,4.0(0.6),3.9(0.7),891,5.3(0.8),4.6(0.9),890,4.2(0.7),4.7(0.8),896,4.4(0.8),3.9(0.9),897,3.9(0.8),4.1(1.0),897,4.0(0.7),3.4(0.7),897,4.3(0.7),4.2(0.8)
충남,계룡시,,,,,,,,,,,,,,,,,,,,,,,,,,,,881,1.8(0.5),2.0(0.6)*,894,2.0(0.6),2.0(0.5)*,891,1.3(0.5),1.4(0.5)*,885,0.6(0.2),0.5(0.2)*,898,1.2(0.4),1.1(0.4)*,891,1.4(0.4),1.3(0.4)*,885,0.5(0.2),0.6(0.3)*,889,1.5(0.5),1.8(0.6)*
충남,공주시,,,,,,,,,,,,,,,,,,,,,,,,,,,,880,4.1(0.8),3.9(1.1),904,7.4(1.0),4.5(0.7),907,4.7(0.9),4.3(1.0),898,2.7(0.6),2.2(0.6),901,5.3(0.7),4.1(0.9),895,4.4(0.7),4.4(1.1),900,4.1(0.9),4.3(1.2),900,4.1(0.7),4.3(1.0)
충남,금산군,,,,,,,,,,,,,,,,,,,,,,,,,,,,894,8.0(1.3),4.5(0.8),893,9.0(1.1),4.9(0.8),891,5.4(1.0),4.3(1.0),890,5.2(1.0),4.2(1.3),894,3.9(0.8),3.6(1.1),891,2.8(0.7),4.3(1.5)*,891,2.4(0.6),3.2(1.0),890,5.7(0.9),4.5(1.2)
충남,논산시,,,,,,,,,,,,,,,,,,,,,,,,,,,,903,2.6(0.6),2.0(0.5),887,4.9(0.8),4.4(1.1),906,4.4(0.8),3.9(0.9),901,2.1(0.5),1.9(0.5),908,2.1(0.5),1.2(0.5)*,898,2.2(0.6),2.2(0.8)*,897,3.8(0.8),3.5(1.0),898,3.7(0.8),2.6(0.7)
충남,당진시,,,,,,,,,,,,,,,,,,,,,,,,,,,,894,3.4(0.6),2.7(0.5),897,4.5(0.6),4.5(0.8),898,5.0(0.8),5.3(0.9),899,2.2(0.6),2.7(0.7)*,900,3.1(0.9),3.3(0.9)*,900,3.8(0.7),4.5(0.9),900,1.9(0.5),2.9(0.9)*,899,5.2(0.8),5.5(1.0)
충남,보령시,,,,,,,,,,,,,,,,,,,,,,,,,,,,899,8.6(1.2),8.8(1.5),901,8.1(1.0),6.2(1.0),899,5.6(0.9),3.8(1.1),891,4.9(0.7),3.5(0.8),901,4.3(0.8),4.3(1.0),897,6.8(0.9),4.6(1.0),895,3.4(0.7),3.0(1.1),897,4.4(0.8),3.8(1.2)
충남,부여군,,,,,,,,,,,,,,,,,,,,,,,,,,,,886,2.9(0.8),2.3(1.2)*,891,3.6(0.8),2.8(0.9),894,4.1(0.8),3.5(1.2),896,5.1(0.9),3.7(1.1),900,3.1(0.6),2.5(0.9),895,5.1(1.0),4.0(1.0),894,4.3(0.7),3.9(1.2),894,4.7(0.9),5.7(2.0)
충남,서산시,,,,,,,,,,,,,,,,,,,,,,,,,,,,890,4.6(0.8),3.6(0.7),904,3.4(0.8),3.7(1.0),899,2.8(0.4),2.2(0.5),900,2.7(0.6),2.9(0.8),900,4.0(0.8),4.2(0.9),900,4.1(0.8),3.8(0.7),899,3.8(0.7),3.4(0.6),900,5.5(0.9),5.7(1.1)
충남,서천군,,,,,,,,,,,,,,,,,,,,,,,,,,,,903,2.2(0.5),1.4(0.8),901,2.3(0.6),1.6(0.6),895,3.3(0.7),4.2(1.4),889,1.8(0.5),2.0(0.9)*,893,2.0(0.5),2.9(1.1)*,891,3.9(0.9),3.6(1.3),892,2.5(0.6),3.5(1.2),894,4.0(0.9),3.3(1.2)
충남,아산시,,,,,,,,,,,,,,,,,,,,,,,,,,,,893,4.9(0.9),4.8(0.8),906,3.7(0.6),3.3(0.6),899,2.8(0.6),3.2(0.8),900,3.2(0.6),3.5(0.7),901,5.7(0.8),5.9(0.9),902,5.2(0.7),5.5(0.8),902,6.4(0.9),6.9(1.0),901,4.3(0.6),4.5(0.8)
충남,연기군,,,,,,,,,,,,,,,,,,,,,,,,,,,,,,,,,,,,,,,,,,,,,,,,,,,
충남,예산군,,,,,,,,,,,,,,,,,,,,,,,,,,,,902,2.3(0.6),2.1(0.7),897,4.9(0.9),4.0(0.8),896,3.4(0.6),4.1(1.1),895,2.0(0.5),2.3(0.7)*,895,5.5(0.7),6.6(1.4),896,3.4(0.6),2.5(0.6),896,4.7(1.0),3.5(0.8),895,3.1(0.7),2.4(0.8)
충남,천안시,,,,,,,,,,,,,,,,,,,,,,,,,,,,902,8.1(0.9),8.4(1.0),903,5.5(0.7),5.3(0.7),900,4.1(0.6),4.1(0.6),905,1.5(0.3),1.4(0.4),905,4.4(0.7),4.1(0.6),"1,806",6.4(0.6),6.4(0.7),"1,805",5.9(0.6),6.3(0.6),"1,804",6.3(0.6),6.2(0.6)
충남,천안시 서북구,,,,,,,,,,,,,,,,,,,,,,,,,,,,,,,,,,,,,,,,,,,904,6.5(0.9),6.5(0.9),903,7.1(0.9),7.4(0.9),903,6.8(0.8),6.8(0.8)
충남,천안시 동남구,,,,,,,,,,,,,,,,,,,,,,,,,,,,,,,,,,,,,,,,,,,902,6.2(0.7),6.5(1.0),902,4.0(0.9),4.5(0.9),901,5.7(1.0),5.6(0.9)
충남,청양군,,,,,,,,,,,,,,,,,,,,,,,,,,,,886,3.9(0.8),3.2(0.8),888,2.1(0.4),1.1(0.5),876,4.3(1.1),3.3(1.0),874,5.8(0.8),5.4(1.3),883,3.6(0.7),1.6(0.7),877,2.5(0.6),0.7(0.2),876,3.2(0.6),1.1(0.3),881,4.4(0.8),2.2(0.8)
충남,태안군,,,,,,,,,,,,,,,,,,,,,,,,,,,,895,3.9(0.7),3.3(0.9),888,4.1(0.7),3.3(0.8),893,2.8(0.5),2.6(0.8),894,2.1(0.5),2.8(1.0)*,893,1.4(0.4),1.9(0.8)*,893,2.1(0.5),2.0(0.7)*,892,2.7(0.6),2.7(1.0),895,3.8(0.6),2.8(0.8)
충남,홍성군,,,,,,,,,,,,,,,,,,,,,,,,,,,,887,4.6(0.8),3.9(0.7),900,6.1(0.9),5.2(1.1),891,4.1(0.8),3.2(0.8),897,3.2(0.6),3.0(0.8),897,5.0(0.8),4.7(1.0),897,2.3(0.5),2.1(0.6),897,6.2(0.9),6.4(1.1),897,4.6(0.7),3.6(0.8)
전북,고창군,,,,,,,,,,,,,,,,,,,,,,,,,,,,888,5.9(0.9),3.6(0.8),884,4.0(0.8),2.7(1.0),888,2.5(0.6),1.4(0.5),884,2.2(0.5),2.0(0.7),886,5.2(0.7),2.2(0.5),887,5.5(0.9),4.1(1.3),888,3.3(0.6),4.6(1.5),888,3.8(0.6),2.5(0.7)
전북,군산시,,,,,,,,,,,,,,,,,,,,,,,,,,,,899,5.5(0.8),4.4(0.6),903,1.5(0.4),1.3(0.4)*,899,1.9(0.5),1.9(0.6)*,900,1.4(0.4),1.6(0.4)*,900,2.9(0.6),2.9(0.7),906,3.6(0.6),3.4(0.6),900,1.5(0.4),1.4(0.4)*,900,2.6(0.5),2.8(0.7)
전북,김제시,,,,,,,,,,,,,,,,,,,,,,,,,,,,893,3.8(0.8),3.7(1.1),895,6.4(1.0),5.2(1.0),889,5.2(0.9),4.2(1.2),887,3.1(0.6),2.4(0.7),893,3.7(0.7),3.2(0.9),894,2.8(0.5),2.9(0.9),894,3.1(0.6),3.2(1.0),892,3.7(0.6),2.8(0.6)
전북,남원시,,,,,,,,,,,,,,,,,,,,,,,,,,,,887,2.8(0.6),2.0(0.6),891,1.1(0.3),0.5(0.2)*,875,2.4(0.8),2.5(0.9)*,891,2.4(0.6),2.3(0.8),889,4.2(0.7),4.7(1.2),889,4.9(0.8),4.6(1.1),897,2.3(0.5),1.4(0.6),896,5.1(0.9),3.7(0.8)
전북,무주군,,,,,,,,,,,,,,,,,,,,,,,,,,,,872,4.9(0.9),3.4(0.9),873,7.6(1.2),4.8(1.2),871,4.5(0.7),3.0(0.8),876,5.7(1.0),5.3(1.3),845,4.7(0.8),3.4(1.0),846,3.8(0.9),4.3(1.2),849,2.7(0.6),2.1(0.7),870,3.9(0.7),3.4(1.1)
전북,부안군,,,,,,,,,,,,,,,,,,,,,,,,,,,,887,5.2(1.0),4.2(0.9),890,3.8(0.7),2.7(0.7),889,3.6(0.7),2.8(0.9),884,4.3(0.8),2.8(0.7),888,2.5(0.6),2.8(1.1),888,1.8(0.5),2.0(0.7)*,888,1.7(0.5),1.4(0.7)*,889,5.7(0.7),4.1(0.9)
전북,순창군,,,,,,,,,,,,,,,,,,,,,,,,,,,,868,1.5(0.5),0.9(0.4)*,881,2.7(0.9),2.8(1.4)*,869,1.4(0.6),1.8(1.2)*,874,0.9(0.3),0.5(0.2)*,883,1.2(0.4),2.2(1.2)*,873,2.2(0.5),1.1(0.4),876,2.5(0.6),1.7(0.6),877,3.8(0.9),3.4(1.3)
전북,완주군,,,,,,,,,,,,,,,,,,,,,,,,,,,,889,1.7(0.5),1.7(0.6)*,897,1.7(0.5),1.1(0.4)*,891,1.4(0.4),1.4(0.5)*,889,2.3(0.5),1.9(0.7),904,3.3(0.7),4.5(1.2),892,2.0(0.6),1.4(0.5)*,894,3.2(0.7),3.8(1.2),894,1.9(0.5),1.5(0.4)
전북,익산시,,,,,,,,,,,,,,,,,,,,,,,,,,,,897,4.1(0.7),3.5(0.6),900,3.9(0.5),3.3(0.5),899,2.0(0.6),1.3(0.4)*,898,1.8(0.4),1.3(0.3),900,1.4(0.3),1.2(0.4),900,4.1(0.9),4.1(0.8),900,2.6(0.4),2.5(0.6),902,4.4(0.6),4.6(0.8)
전북,임실군,,,,,,,,,,,,,,,,,,,,,,,,,,,,874,2.5(0.7),2.1(1.0)*,880,2.8(0.5),1.7(0.6),872,1.8(0.5),2.1(1.1)*,875,2.0(0.4),1.9(0.8),876,2.7(0.7),2.1(0.9),826,5.1(0.8),5.3(1.5),850,2.6(0.5),2.1(0.8),851,4.8(0.8),1.6(0.4)
전북,장수군,,,,,,,,,,,,,,,,,,,,,,,,,,,,871,3.4(0.6),1.8(0.5),868,2.5(0.6),1.5(0.5),823,3.4(0.7),1.5(0.3),856,2.2(0.5),1.4(0.5),848,3.8(0.6),3.6(1.0),869,3.5(0.7),2.3(0.7),867,3.9(0.9),4.6(1.4),873,3.3(0.7),3.6(1.7)
전북,전주시,,,,,,,,,,,,,,,,,,,,,,,,,,,,897,2.5(0.7),2.5(0.6)*,899,6.8(1.1),6.5(1.0),897,4.1(0.7),4.1(0.8),900,4.6(0.5),4.8(0.6),899,4.7(0.5),4.6(0.6),913,4.6(0.9),4.1(0.6),904,4.6(0.7),4.4(0.6),903,4.1(0.6),3.3(0.5)
전북,정읍시,,,,,,,,,,,,,,,,,,,,,,,,,,,,888,3.7(0.7),3.3(0.8),899,1.6(0.6),1.3(0.6)*,893,1.5(0.5),2.1(0.8)*,899,2.1(0.6),2.1(0.7)*,891,2.2(0.5),1.5(0.5),894,2.9(0.6),3.5(0.9),900,2.6(0.6),2.6(0.7),893,3.2(0.6),2.6(0.9)
전북,진안군,,,,,,,,,,,,,,,,,,,,,,,,,,,,872,3.4(0.6),1.4(0.4),884,4.9(0.8),4.3(1.5),871,2.6(0.6),2.6(1.1),870,3.1(0.7),1.6(0.7),870,5.1(0.8),4.0(1.7),871,4.9(0.9),3.5(1.3),872,5.5(0.9),2.8(0.7),871,7.2(1.3),6.5(2.3)
전남,강진군,,,,,,,,,,,,,,,,,,,,,,,,,,,,886,2.4(0.6),2.3(0.8),888,1.3(0.4),0.9(0.4)*,867,1.7(0.5),2.2(1.0)*,883,0.8(0.4),2.1(1.0)*,882,1.9(0.6),1.4(0.8)*,881,1.6(0.5),1.9(1.0)*,881,2.6(0.6),1.4(0.5),880,3.1(0.5),2.5(1.0)
전남,고흥군,,,,,,,,,,,,,,,,,,,,,,,,,,,,919,6.6(1.0),3.5(0.8),920,2.0(0.5),1.9(0.8)*,888,3.2(0.6),0.9(0.2),891,2.5(0.6),2.1(0.8),890,1.1(0.4),0.3(0.1)*,889,1.2(0.4),0.5(0.3)*,890,3.1(0.6),1.4(0.6),891,1.8(0.5),0.5(0.1)*
전남,곡성군,,,,,,,,,,,,,,,,,,,,,,,,,,,,883,4.3(0.8),3.5(1.0),876,3.8(0.7),2.5(0.9),870,3.1(0.8),3.4(1.3)*,876,2.8(0.6),2.3(1.1),879,2.7(0.7),4.0(1.3),864,2.2(0.6),2.0(0.9)*,868,1.9(0.5),1.5(0.6),872,2.1(0.5),2.5(1.1)
전남,광양시,,,,,,,,,,,,,,,,,,,,,,,,,,,,896,3.2(0.8),3.3(0.8)*,896,3.7(0.7),3.6(0.8),896,2.4(0.5),2.6(0.6),896,2.0(0.5),2.3(0.6),894,2.3(0.5),2.1(0.5),895,3.5(0.7),3.9(0.8),898,5.0(0.8),5.2(1.0),896,2.8(0.6),3.4(0.8)
전남,구례군,,,,,,,,,,,,,,,,,,,,,,,,,,,,876,0.7(0.4),0.6(0.5)**,892,0.9(0.3),0.4(0.1)*,873,1.0(0.4),1.4(0.8)*,877,0.1(0.1),0.1(0.1)**,876,0.6(0.3),0.5(0.4)*,868,4.1(0.6),2.8(1.0),860,5.0(0.8),3.8(1.1),871,2.7(0.5),1.7(0.7)
전남,나주시,,,,,,,,,,,,,,,,,,,,,,,,,,,,892,7.4(0.9),5.8(0.8),890,5.4(0.7),3.3(0.5),892,6.5(1.0),5.7(1.0),893,5.3(0.7),4.5(0.8),890,5.0(0.8),4.1(0.7),892,7.0(0.8),5.9(0.9),900,5.9(0.8),4.2(0.7),893,5.6(0.7),4.4(0.7)
전남,담양군,,,,,,,,,,,,,,,,,,,,,,,,,,,,893,3.6(0.6),2.2(0.6),880,4.0(0.7),2.9(0.7),887,2.1(0.6),1.9(0.7)*,885,1.3(0.5),1.1(0.4)*,893,2.5(0.7),1.4(0.4)*,891,2.4(0.5),1.4(0.4),889,1.5(0.4),1.5(0.7)*,894,2.1(0.5),2.1(0.7)
전남,목포시,,,,,,,,,,,,,,,,,,,,,,,,,,,,898,3.6(0.7),3.5(0.7),898,3.4(0.5),3.4(0.5),895,1.4(0.5),1.2(0.4)*,860,0.2(0.1),0.3(0.2)**,898,1.0(0.4),0.8(0.3)*,896,3.7(0.6),3.0(0.6),898,2.0(0.6),1.9(0.7)*,898,3.1(0.5),2.5(0.4)
전남,무안군,,,,,,,,,,,,,,,,,,,,,,,,,,,,891,2.1(0.6),2.4(0.8)*,893,2.4(0.5),1.8(0.5),889,0.9(0.3),0.5(0.2)*,891,1.9(0.6),1.5(0.6)*,891,2.0(0.5),1.8(0.6)*,891,1.7(0.5),2.3(0.8)*,891,4.1(1.0),4.5(1.1),891,3.1(0.7),2.5(0.7)
전남,보성군,,,,,,,,,,,,,,,,,,,,,,,,,,,,886,1.0(0.4),1.0(0.7)*,884,2.8(0.8),2.5(1.2)*,884,2.6(0.7),2.0(1.0)*,884,5.5(1.1),3.6(1.0),887,1.1(0.4),1.6(0.9)*,884,2.2(0.7),4.8(1.5)*,887,2.2(0.5),2.5(1.0),885,2.4(0.5),1.6(0.7)
전남,순천시,,,,,,,,,,,,,,,,,,,,,,,,,,,,898,1.3(0.5),1.1(0.4)*,898,2.4(0.5),2.4(0.5),890,3.8(0.7),3.6(0.7),901,2.3(0.5),1.8(0.4),898,2.0(0.4),2.2(0.6),899,3.2(0.8),2.5(0.5),899,2.9(0.7),3.1(0.8),898,4.8(0.8),3.8(0.8)
전남,신안군,,,,,,,,,,,,,,,,,,,,,,,,,,,,885,2.0(0.5),2.3(1.2)*,874,4.9(1.2),6.4(2.7),879,1.5(0.4),1.1(0.7)*,881,1.4(0.4),0.8(0.3)*,884,3.2(0.5),1.4(0.5),884,4.9(0.8),2.9(1.1),885,4.9(0.8),2.8(1.0),884,3.0(0.6),1.6(0.7)
전남,여수시,,,,,,,,,,,,,,,,,,,,,,,,,,,,912,1.6(0.5),1.6(0.5)*,899,1.6(0.4),1.3(0.2),896,2.1(0.8),2.5(0.9)*,898,1.8(0.3),2.3(0.5),895,0.9(0.4),1.3(0.5)*,898,1.4(0.4),1.9(0.6)*,899,2.0(0.4),1.9(0.6),898,4.3(0.9),3.8(0.8)
전남,영광군,,,,,,,,,,,,,,,,,,,,,,,,,,,,890,2.8(0.6),2.3(0.6),892,5.1(0.9),4.0(1.1),886,3.3(0.6),2.8(0.6),896,2.8(0.7),3.3(1.0),874,2.8(0.7),3.7(1.0)*,870,3.6(0.7),2.6(0.8),877,2.8(0.7),2.9(1.0)*,885,3.1(0.6),2.3(0.8)
전남,영암군,,,,,,,,,,,,,,,,,,,,,,,,,,,,898,1.9(0.8),2.4(1.1)*,904,4.1(0.7),4.1(1.0),886,5.3(0.9),4.6(1.0),880,1.6(0.5),1.0(0.6)*,887,6.5(1.0),5.0(1.1),887,2.4(0.6),1.5(0.6)*,876,2.2(0.6),2.5(0.9)*,888,4.1(0.8),4.9(1.4)
전남,완도군,,,,,,,,,,,,,,,,,,,,,,,,,,,,894,1.1(0.3),0.5(0.2)*,887,2.0(0.5),1.2(0.3),887,3.4(0.8),3.2(1.2),888,2.6(0.6),1.6(0.5),887,5.8(0.8),3.8(1.0),890,3.9(0.7),1.8(0.5),887,4.6(0.9),2.8(0.7),887,6.5(0.8),3.9(0.9)
전남,장성군,,,,,,,,,,,,,,,,,,,,,,,,,,,,880,3.5(0.7),3.1(0.9),877,4.7(0.7),3.4(0.8),879,4.3(0.8),3.5(1.0),881,2.3(0.6),2.6(0.8)*,884,1.8(0.5),1.8(0.6),880,6.6(1.3),5.6(1.3),868,3.6(0.8),4.6(1.4),882,3.0(0.6),3.2(1.1)
전남,장흥군,,,,,,,,,,,,,,,,,,,,,,,,,,,,882,6.0(1.0),5.0(1.5),870,6.0(1.1),5.1(1.7),877,2.3(0.5),1.7(0.6),882,1.8(0.6),1.6(0.7)*,882,3.3(0.5),1.7(0.6),882,4.4(0.7),3.2(0.9),884,4.5(0.7),2.9(1.0),882,4.0(0.7),5.0(1.7)
전남,진도군,,,,,,,,,,,,,,,,,,,,,,,,,,,,874,4.1(0.7),1.6(0.3),883,3.7(0.7),2.4(0.6),877,3.6(0.7),2.5(0.8),878,2.5(0.6),1.3(0.3),878,2.4(0.7),2.0(0.7)*,878,4.0(0.7),2.5(0.7),878,2.9(0.8),3.6(1.4)*,878,2.2(0.5),1.0(0.3)
전남,함평군,,,,,,,,,,,,,,,,,,,,,,,,,,,,883,2.3(0.5),2.4(1.2),881,3.5(0.6),1.8(0.6),878,3.1(0.6),2.1(0.7),888,0.7(0.2),0.8(0.5)*,869,3.4(0.8),3.8(1.4),856,4.1(0.7),4.8(1.8),875,3.5(0.6),4.2(1.5),882,4.3(0.7),2.6(0.7)
전남,해남군,,,,,,,,,,,,,,,,,,,,,,,,,,,,893,3.7(0.6),2.0(0.6),886,1.8(0.6),1.4(0.9)*,892,1.6(0.5),1.1(0.6)*,884,2.4(0.5),3.2(1.0),890,3.2(0.8),2.6(0.9),890,1.0(0.3),0.9(0.5)*,891,2.8(0.5),1.6(0.5),890,2.9(0.6),2.2(0.7)
전남,화순군,,,,,,,,,,,,,,,,,,,,,,,,,,,,890,6.6(1.2),4.9(0.9),890,6.5(1.2),4.5(0.8),892,4.1(0.8),3.7(1.0),890,2.5(0.6),2.9(0.8),888,3.2(0.6),3.4(0.8),885,3.9(0.8),4.6(1.1),883,4.5(0.7),5.2(1.3),890,2.2(0.4),1.1(0.4)
경북,경산시,,,,,,,,,,,,,,,,,,,,,,,,,,,,896,3.2(0.6),2.7(0.6),896,4.2(0.7),3.7(0.7),897,3.6(0.7),3.6(0.8),898,1.9(0.5),1.7(0.5)*,897,3.3(0.7),3.2(0.7),897,3.6(0.6),3.8(0.7),898,4.1(0.7),3.0(0.6),898,2.9(0.5),2.9(0.6)
경북,경주시,,,,,,,,,,,,,,,,,,,,,,,,,,,,899,4.3(0.7),3.7(0.6),894,3.8(0.7),3.5(0.8),899,4.6(0.9),5.5(1.2),892,3.5(0.7),3.2(0.7),900,3.9(0.8),3.3(0.7),896,6.1(1.0),6.6(1.3),900,5.5(0.8),5.3(1.0),898,4.3(0.7),3.1(0.6)
경북,고령군,,,,,,,,,,,,,,,,,,,,,,,,,,,,880,2.8(0.6),1.5(0.4),880,4.5(0.7),4.4(1.1),884,2.0(0.5),2.5(0.9),879,1.9(0.5),1.6(0.7)*,890,2.4(0.5),3.5(1.4),881,3.3(0.7),3.4(1.1),879,3.9(0.9),3.2(1.0),879,3.4(0.7),4.2(1.4)
경북,구미시,,,,,,,,,,,,,,,,,,,,,,,,,,,,"1,793",4.9(0.6),5.0(0.6),"1,791",4.1(0.5),4.2(0.6),"1,790",4.0(0.5),4.2(0.6),"1,794",5.9(0.9),6.2(0.8),"1,790",4.7(0.5),4.9(0.5),"1,790",4.6(0.5),4.9(0.6),"1,790",6.6(0.7),6.9(0.8),"1,790",5.5(0.6),5.9(0.7)
경북,구미시 구미,,,,,,,,,,,,,,,,,,,,,,,,,,,,901,5.2(0.7),5.6(0.8),898,4.2(0.7),4.3(0.7),899,3.9(0.7),4.1(0.7),901,7.0(1.1),7.5(1.0),899,4.5(0.6),4.8(0.7),899,4.8(0.6),5.1(0.7),899,7.2(0.9),7.7(1.0),899,6.1(0.8),6.7(0.9)
경북,구미시 선산,,,,,,,,,,,,,,,,,,,,,,,,,,,,892,3.4(0.5),3.0(0.6),893,3.8(0.7),3.6(0.7),891,4.4(0.5),4.4(0.8),893,2.1(0.5),1.8(0.4),891,5.5(0.8),5.4(0.8),891,3.8(0.6),3.8(0.7),891,4.5(0.7),4.6(0.9),891,3.5(0.7),3.5(0.7)
경북,군위군,,,,,,,,,,,,,,,,,,,,,,,,,,,,863,1.4(0.4),0.5(0.2),864,1.4(0.5),1.3(0.9)*,871,2.3(0.4),1.4(0.5),869,1.2(0.5),2.1(1.4)*,869,1.6(0.5),1.3(0.8)*,870,1.6(0.5),1.6(1.2)*,,,,,,
경북,김천시,,,,,,,,,,,,,,,,,,,,,,,,,,,,894,4.5(0.7),3.4(0.6),888,2.5(0.6),2.6(0.7)*,894,4.1(0.7),3.5(0.8),894,2.4(0.7),1.9(0.6)*,893,0.9(0.3),1.0(0.4)*,899,5.9(0.8),4.0(0.7),907,2.4(0.5),2.6(0.6),896,2.8(0.6),3.0(0.8)
경북,문경시,,,,,,,,,,,,,,,,,,,,,,,,,,,,890,2.5(0.5),2.0(0.7),882,4.3(0.6),2.8(0.6),880,3.6(0.7),3.5(1.0),893,4.3(0.8),4.8(1.1),892,3.6(0.6),3.5(0.9),890,4.0(0.6),3.1(0.8),891,3.3(0.7),2.3(0.9),891,4.1(0.6),3.4(1.0)
경북,봉화군,,,,,,,,,,,,,,,,,,,,,,,,,,,,880,5.7(0.9),4.4(1.3),879,3.2(0.6),3.4(1.1),856,6.0(1.0),6.0(2.0),884,6.0(1.0),6.4(1.8),868,3.3(0.7),2.2(0.7),879,7.0(1.0),6.6(1.9),878,5.5(0.9),2.9(0.9),878,5.2(0.7),2.4(0.7)
경북,상주시,,,,,,,,,,,,,,,,,,,,,,,,,,,,892,1.7(0.4),2.4(0.8)*,895,2.1(0.5),1.1(0.4)*,897,0.5(0.2),0.4(0.1)*,896,1.5(0.7),2.4(1.1)*,892,2.5(0.5),1.5(0.4),892,3.5(0.7),2.8(0.8),894,3.5(0.7),2.0(0.6),897,2.3(0.5),0.8(0.2)
경북,성주군,,,,,,,,,,,,,,,,,,,,,,,,,,,,885,1.9(0.5),1.6(0.6)*,869,1.8(0.4),0.9(0.2),883,1.5(0.5),1.9(1.0)*,885,1.3(0.5),1.8(0.8)*,886,1.6(0.5),0.9(0.4)*,885,1.6(0.4),1.4(0.7)*,867,2.5(0.6),2.5(1.0),885,2.8(0.7),3.5(1.2)
경북,안동시,,,,,,,,,,,,,,,,,,,,,,,,,,,,897,3.7(0.6),3.5(0.7),896,5.9(1.0),6.2(1.1),895,4.2(0.9),3.6(1.0),898,4.3(0.7),5.2(0.9),899,4.8(0.9),4.1(0.8),896,3.8(0.7),4.3(1.0),897,6.0(0.8),8.0(1.2),897,4.6(0.7),5.3(1.1)
경북,영덕군,,,,,,,,,,,,,,,,,,,,,,,,,,,,881,0.1(0.1),0.0(0.0)**,882,1.8(0.8),2.6(1.5)*,838,1.1(0.4),0.4(0.1)*,883,1.3(0.4),1.0(0.5)*,881,1.1(0.4),0.4(0.1)*,872,0.9(0.3),0.8(0.5)*,885,1.2(0.4),0.8(0.5)*,868,1.6(0.5),1.0(0.5)*
경북,영양군,,,,,,,,,,,,,,,,,,,,,,,,,,,,864,3.2(0.6),1.9(0.6),833,1.8(0.7),1.2(0.7)*,843,2.6(0.6),1.3(0.4),852,3.1(0.6),2.7(0.9),867,4.0(1.0),4.0(1.3),831,4.7(0.6),3.8(1.1),853,4.2(0.7),2.9(1.0),850,6.1(1.0),3.5(0.9)
경북,영주시,,,,,,,,,,,,,,,,,,,,,,,,,,,,894,3.3(0.7),3.1(0.8),895,2.9(0.7),2.8(0.9)*,894,3.7(0.7),3.1(0.7),895,2.5(0.6),2.8(0.9),901,2.9(0.6),3.6(1.0),882,5.5(0.9),6.1(1.0),895,2.9(0.7),2.5(0.7),895,2.4(0.5),2.3(0.7)
경북,영천시,,,,,,,,,,,,,,,,,,,,,,,,,,,,894,6.1(0.9),4.6(1.0),896,7.9(1.0),6.3(1.1),894,7.0(0.9),6.5(1.2),894,3.6(0.5),2.4(0.5),894,3.5(0.6),3.9(1.0),893,5.7(0.9),6.1(1.2),894,3.9(0.6),4.0(1.0),894,6.7(1.0),5.3(1.0)
경북,예천군,,,,,,,,,,,,,,,,,,,,,,,,,,,,882,1.2(0.4),0.7(0.3)*,886,0.6(0.3),0.2(0.1)*,882,1.4(0.4),0.7(0.2)*,880,1.5(0.5),1.7(0.8)*,888,3.0(0.6),2.5(0.8),889,3.0(0.5),2.1(0.7),885,1.7(0.4),1.7(0.6),888,2.2(0.5),1.3(0.5)
경북,울릉군,,,,,,,,,,,,,,,,,,,,,,,,,,,,831,3.0(1.0),1.9(0.5)*,832,2.8(0.7),1.9(0.7),832,2.8(0.7),2.0(0.5)*,831,0.8(0.4),0.3(0.1)*,831,3.1(1.2),2.5(0.9)*,830,2.9(0.9),1.8(0.6)*,835,2.5(0.8),2.6(1.1)*,831,6.2(0.9),5.8(1.5)
경북,울진군,,,,,,,,,,,,,,,,,,,,,,,,,,,,882,1.1(0.3),0.5(0.2)*,884,2.8(0.6),2.0(0.8),887,2.0(0.7),1.7(0.6)*,853,1.0(0.3),1.1(0.5)*,874,1.5(0.4),1.1(0.6),892,1.7(0.6),1.9(1.0)*,886,2.7(0.7),2.4(0.7)*,887,2.1(0.5),2.1(0.8)
경북,의성군,,,,,,,,,,,,,,,,,,,,,,,,,,,,887,2.9(0.6),1.8(0.8),887,3.6(0.7),2.4(0.9),887,6.0(1.2),9.0(3.0),874,3.3(0.8),3.4(1.5),885,3.5(0.8),6.2(2.2),890,3.1(0.6),2.0(0.9),891,6.6(0.9),3.6(1.0),892,2.6(0.6),1.8(0.8)
경북,청도군,,,,,,,,,,,,,,,,,,,,,,,,,,,,885,2.2(0.6),1.9(0.9)*,889,1.8(0.5),2.0(1.0)*,886,1.7(0.5),1.0(0.3)*,883,4.0(0.7),4.7(1.3),886,4.1(0.7),3.5(0.9),884,3.4(0.6),3.6(1.2),884,2.7(0.5),2.8(1.0),885,3.1(0.6),3.2(1.3)
경북,청송군,,,,,,,,,,,,,,,,,,,,,,,,,,,,871,3.3(0.7),2.5(1.0),873,3.2(0.7),2.3(1.1),870,1.9(0.5),1.2(0.5)*,875,1.8(0.5),2.0(1.1)*,873,1.5(0.5),1.9(1.0)*,872,2.5(0.5),2.1(0.9),872,3.7(0.8),3.9(1.9),872,3.7(0.7),2.3(0.8)
경북,칠곡군,,,,,,,,,,,,,,,,,,,,,,,,,,,,876,1.7(0.5),1.8(0.6)*,892,2.6(0.5),2.2(0.5),891,3.3(0.6),3.0(0.7),845,2.3(0.7),2.4(0.8)*,898,3.1(0.6),2.4(0.5),894,4.2(0.8),3.7(0.7),893,1.9(0.5),2.1(0.6),896,2.3(0.5),2.2(0.7)
경북,포항시,,,,,,,,,,,,,,,,,,,,,,,,,,,,"1,798",1.5(0.3),1.5(0.3),"1,804",3.3(0.5),3.2(0.5),"1,798",2.7(0.4),2.8(0.5),"1,798",2.7(0.4),2.7(0.5),"1,805",3.2(0.5),3.4(0.5),"1,800",3.4(0.4),3.3(0.5),"1,795",3.3(0.4),3.5(0.6),"1,799",3.5(0.5),3.7(0.6)
경북,포항시 남구,,,,,,,,,,,,,,,,,,,,,,,,,,,,898,0.7(0.3),0.7(0.3)*,902,4.4(0.8),4.4(0.8),899,3.2(0.6),2.8(0.5),899,3.5(0.6),3.0(0.7),904,4.2(0.8),4.2(0.9),900,3.0(0.5),2.8(0.7),900,3.7(0.7),3.9(0.8),900,3.4(0.7),3.1(0.8)
경북,포항시 북구,,,,,,,,,,,,,,,,,,,,,,,,,,,,900,2.3(0.5),2.3(0.5),902,2.3(0.5),2.1(0.6),899,2.3(0.6),2.8(0.8)*,899,2.1(0.5),2.5(0.6),901,2.4(0.5),2.7(0.6),900,3.6(0.6),3.8(0.8),895,3.0(0.6),3.1(0.8),899,3.7(0.7),4.2(1.0)
경남,거제시,,,,,,,,,,,,,,,,,,,,,,,,,,,,903,2.3(0.5),2.4(0.5),903,3.6(0.8),3.5(0.7),903,1.8(0.5),2.2(0.6)*,903,3.2(0.7),3.4(0.6),903,3.3(0.6),3.2(0.6),903,7.7(0.9),8.2(1.1),903,4.1(0.7),4.4(0.8),903,4.0(0.7),4.4(0.8)
경남,거창군,,,,,,,,,,,,,,,,,,,,,,,,,,,,894,2.5(0.5),2.6(0.8),894,3.1(0.9),2.4(0.7)*,894,3.7(0.7),4.2(1.0),894,2.2(0.6),1.9(0.7)*,894,3.1(1.1),3.1(0.8)*,895,3.8(0.7),3.2(0.9),895,3.7(0.8),4.0(1.3),895,4.0(0.7),2.6(0.7)
경남,고성군,,,,,,,,,,,,,,,,,,,,,,,,,,,,893,2.3(0.5),1.1(0.3),893,1.9(0.5),0.9(0.3),893,4.0(0.8),2.5(0.8),893,0.8(0.3),0.7(0.3)*,895,2.1(0.6),1.4(0.5)*,893,1.9(0.6),2.5(1.0)*,893,2.0(0.5),2.6(1.3)*,893,5.1(0.8),4.9(1.4)
경남,김해시,,,,,,,,,,,,,,,,,,,,,,,,,,,,904,1.5(0.4),1.5(0.4)*,904,2.9(0.6),3.1(0.7),899,2.3(0.5),2.5(0.5),905,2.4(0.5),2.6(0.5),903,5.1(0.8),5.5(0.8),906,4.9(0.8),4.7(0.7),904,3.9(0.6),4.5(0.8),904,1.4(0.4),1.5(0.5)*
경남,남해군,,,,,,,,,,,,,,,,,,,,,,,,,,,,890,4.6(0.7),3.4(0.9),881,4.0(0.6),2.8(0.9),889,2.1(0.5),2.0(0.8),890,0.9(0.4),1.4(0.8)*,890,2.8(0.6),2.3(0.8),891,2.7(0.5),1.5(0.8),891,1.9(0.4),1.0(0.4),890,3.6(0.6),3.4(1.2)
경남,창원시,,,,,,,,,,,,,,,,,,,,,,,,,,,,"2,710",3.0(0.3),2.9(0.4),"2,709",3.0(0.3),3.0(0.3),"2,711",3.5(0.4),3.7(0.4),"2,707",2.8(0.4),2.8(0.4),"2,703",3.6(0.4),3.7(0.4),"2,707",4.5(0.5),4.6(0.5),"2,709",4.4(0.4),4.1(0.4),"2,711",3.8(0.4),4.0(0.5)
경남,창원시 마산,,,,,,,,,,,,,,,,,,,,,,,,,,,,905,4.4(0.7),3.9(0.6),904,3.5(0.4),3.2(0.5),908,2.7(0.5),2.6(0.5),904,3.4(0.6),3.5(0.6),906,3.9(0.5),3.9(0.7),905,4.0(0.7),3.4(0.6),904,2.8(0.4),2.3(0.5),904,4.3(0.7),4.5(0.9)
경남,창원시 진해,,,,,,,,,,,,,,,,,,,,,,,,,,,,901,2.7(0.7),2.7(0.6),901,3.2(0.6),3.5(0.8),900,3.9(0.8),3.8(0.8),899,1.4(0.4),1.2(0.3)*,893,3.2(0.6),3.5(0.7),900,2.6(0.8),2.5(0.6)*,901,2.7(0.6),2.6(0.6),901,3.1(0.6),2.8(0.6)
경남,창원시 창원,,,,,,,,,,,,,,,,,,,,,,,,,,,,904,1.9(0.4),1.9(0.5),904,2.6(0.6),2.7(0.5),903,4.0(0.7),4.3(0.8),904,2.9(0.6),2.9(0.6),904,3.5(0.6),3.5(0.6),902,5.6(0.8),6.3(1.0),904,6.3(0.7),6.2(0.8),906,3.8(0.7),4.1(0.7)
경남,밀양시,,,,,,,,,,,,,,,,,,,,,,,,,,,,900,2.5(0.6),1.7(0.6),911,4.1(0.6),2.5(0.6),900,1.1(0.3),0.4(0.1)*,893,5.0(0.9),3.5(0.9),900,5.0(0.8),3.3(0.8),901,5.3(0.7),4.6(1.1),901,3.7(0.6),3.2(1.0),902,4.0(0.6),2.6(0.7)
경남,사천시,,,,,,,,,,,,,,,,,,,,,,,,,,,,899,2.2(0.5),2.0(0.6),899,1.5(0.4),1.3(0.4)*,901,0.7(0.2),0.5(0.2)*,896,3.7(0.7),3.5(1.0),899,2.8(0.6),3.6(0.8),897,2.0(0.6),2.0(0.7)*,898,3.1(0.6),3.3(0.8),897,6.5(0.8),5.6(0.9)
경남,산청군,,,,,,,,,,,,,,,,,,,,,,,,,,,,885,3.7(0.7),4.2(1.5),884,5.0(0.7),2.3(0.9),885,4.5(0.9),4.5(1.5),883,3.1(0.6),3.0(0.7),885,2.2(0.6),2.2(1.1)*,885,1.9(0.5),1.9(0.9)*,885,3.0(0.6),2.8(1.0),886,3.6(0.6),4.1(1.5)
경남,양산시,,,,,,,,,,,,,,,,,,,,,,,,,,,,903,1.7(0.4),1.6(0.4)*,903,2.0(0.5),1.4(0.4),903,1.7(0.6),1.8(0.5)*,904,4.4(0.7),4.5(0.8),903,2.7(0.6),2.9(0.6),906,2.5(0.6),2.3(0.5),903,2.0(0.5),2.5(0.7)*,903,2.5(0.5),2.4(0.5)
경남,의령군,,,,,,,,,,,,,,,,,,,,,,,,,,,,879,6.2(1.2),5.1(1.2),880,7.1(1.0),3.5(0.9),880,4.3(0.6),3.1(0.7),879,1.4(0.4),0.6(0.2)*,880,4.0(0.6),2.5(0.6),880,3.9(0.8),5.4(2.0),880,1.5(0.4),1.4(0.7)*,879,4.8(0.8),4.1(1.6)
경남,진주시,,,,,,,,,,,,,,,,,,,,,,,,,,,,904,1.5(0.4),1.7(0.5)*,903,3.7(0.6),3.5(0.7),906,2.1(0.5),1.8(0.6),905,2.6(0.6),2.4(0.5),904,2.9(0.5),2.7(0.6),906,4.7(0.6),4.8(0.9),905,3.2(0.4),3.2(0.6),905,4.0(0.6),4.0(0.7)
경남,창녕군,,,,,,,,,,,,,,,,,,,,,,,,,,,,900,1.5(0.4),1.3(0.5)*,900,0.1(0.1),0.1(0.1)**,900,0.8(0.3),0.8(0.4)*,901,0.2(0.1),0.1(0.0)**,900,0.3(0.2),0.1(0.1)**,901,2.4(0.6),1.2(0.4),900,1.2(0.3),1.7(0.7)*,900,0.9(0.4),1.0(0.6)*
경남,통영시,,,,,,,,,,,,,,,,,,,,,,,,,,,,901,1.8(0.5),2.3(0.7)*,900,3.4(0.5),3.2(0.7),901,1.4(0.4),1.4(0.5)*,900,0.4(0.2),0.5(0.3)*,902,2.1(0.6),1.8(0.6)*,901,7.1(1.1),6.1(1.0),900,2.7(0.5),2.2(0.6),900,5.7(0.8),5.4(1.2)
경남,하동군,,,,,,,,,,,,,,,,,,,,,,,,,,,,889,1.3(0.5),1.6(1.0)*,888,1.5(0.4),1.7(0.7)*,889,1.5(0.4),1.8(0.6),891,1.1(0.3),0.7(0.3)*,891,2.4(0.5),3.0(0.9),892,1.2(0.4),0.9(0.6)*,891,1.6(0.4),2.8(1.1)*,891,2.3(0.5),2.0(0.9)
경남,함안군,,,,,,,,,,,,,,,,,,,,,,,,,,,,900,2.0(0.5),1.7(0.7)*,900,3.1(0.5),2.0(0.5),898,3.7(0.6),3.2(0.8),900,1.5(0.4),0.9(0.4)*,900,3.5(0.8),3.8(1.1),902,1.9(0.5),2.3(0.7)*,900,2.2(0.6),2.6(0.9)*,902,2.1(0.5),2.3(1.0)
경남,함양군,,,,,,,,,,,,,,,,,,,,,,,,,,,,887,4.7(0.8),3.6(1.0),887,5.2(0.8),3.4(1.3),887,2.8(0.7),1.8(0.6)*,886,3.9(0.8),4.4(1.2),887,6.3(1.0),8.3(1.6),888,4.9(1.1),5.9(1.7),887,4.1(0.8),4.6(1.4),887,4.2(0.8),3.9(1.4)
경남,합천군,,,,,,,,,,,,,,,,,,,,,,,,,,,,891,2.7(0.6),1.8(0.6),892,3.3(0.7),3.2(1.2),891,3.5(0.8),1.9(0.6),889,1.3(0.4),1.0(0.4)*,890,3.2(0.6),3.2(1.3),890,1.5(0.4),1.6(1.1)*,891,2.4(0.5),4.2(1.6),891,1.7(0.5),1.2(0.6)*
제주,서귀포시,,,,,,,,,,,,,,,,,,,,,,,,,,,,"2,436",2.5(0.4),2.6(0.5),"2,497",2.1(0.4),2.1(0.4),"2,500",1.3(0.3),1.6(0.4),"2,493",2.3(0.4),2.5(0.5),"2,480",2.3(0.3),2.5(0.5),"2,490",3.2(0.5),3.5(0.6),"2,494",2.1(0.5),2.2(0.6),"2,506",3.6(0.5),3.7(0.6)
제주,서귀포시 서귀포,,,,,,,,,,,,,,,,,,,,,,,,,,,,828,3.5(0.7),3.6(0.8),847,2.9(0.6),2.8(0.6),849,1.5(0.5),1.8(0.5)*,837,2.6(0.6),2.4(0.6),840,2.1(0.5),2.6(0.8),841,4.6(0.9),4.9(1.0),842,2.5(0.8),2.3(0.8)*,846,3.8(0.7),4.0(0.9)
제주,서귀포시 동부,,,,,,,,,,,,,,,,,,,,,,,,,,,,833,1.3(0.4),1.0(0.3)*,838,1.3(0.3),1.3(0.5)*,840,1.0(0.5),1.4(0.7)**,838,2.3(0.7),3.0(0.9)*,814,2.2(0.4),2.2(0.6),822,2.1(0.7),1.7(0.6)*,826,2.2(0.7),3.1(1.2)*,835,3.9(0.8),3.3(1.0)
제주,서귀포시 서부,,,,,,,,,,,,,,,,,,,,,,,,,,,,775,1.2(0.5),1.5(0.6)*,812,0.9(0.4),1.3(0.5)*,811,1.3(0.4),1.2(0.5)*,818,1.5(0.9),2.5(1.2)**,826,2.8(0.7),2.4(0.6)*,827,0.9(0.3),0.9(0.3)*,826,1.0(0.4),0.7(0.4)*,825,2.6(0.7),3.0(0.9)*
제주,제주시,,,,,,,,,,,,,,,,,,,,,,,,,,,,"2,520",2.3(0.5),2.4(0.5),"2,508",2.2(0.5),2.0(0.4),"2,506",2.5(0.5),2.3(0.5),"2,486",1.9(0.3),1.8(0.3),"2,508",2.0(0.5),2.2(0.6),"2,493",1.9(0.3),2.0(0.4),"2,492",3.7(0.6),4.2(0.7),"2,516",4.5(0.7),4.5(0.7)
제주,제주시 제주,,,,,,,,,,,,,,,,,,,,,,,,,,,,850,2.1(0.6),2.1(0.6)*,855,1.8(0.6),1.7(0.5)*,854,2.5(0.6),2.4(0.6),855,1.8(0.4),1.7(0.4),850,2.0(0.6),2.1(0.8)*,843,1.5(0.4),1.7(0.5),837,4.1(0.7),4.6(0.9),852,4.8(0.9),5.1(0.9)
제주,제주시 동부,,,,,,,,,,,,,,,,,,,,,,,,,,,,828,2.2(0.6),2.5(0.7)*,819,2.5(0.6),1.9(0.5),811,0.9(0.4),0.8(0.3)*,805,1.5(0.6),1.7(0.6)*,818,0.3(0.2),0.1(0.1)**,809,2.2(0.7),2.9(0.8)*,821,1.2(0.4),1.5(0.5)*,824,1.6(0.5),1.5(0.5)*
제주,제주시 서부,,,,,,,,,,,,,,,,,,,,,,,,,,,,842,3.6(1.0),4.3(0.9)*,834,4.0(0.9),4.0(1.2),841,3.4(0.9),3.1(0.8)*,826,2.8(0.7),2.8(0.6)*,840,3.1(0.6),3.5(0.7),841,3.9(0.7),3.6(0.9),834,3.1(0.8),2.7(0.7)*,840,4.9(1.1),2.9(0.6)
"* 변동계수(coefficient fo variation) 25-50%, ** 변동계수 50% 이상",,,,,,,,,,,,,,,,,,,,,,,,,,,,,,,,,,,,,,,,,,,,,,,,,,,,
,,,,,,,,,,,,,,,,,,,,,,,,,,,,,,,,,,,,,,,,,,,,,,,,,,,,
,,,,,,,,,,,,,,,,,,,,,,,,,,,,,,,,,,,,,,,,,,,,,,,,,,,,
